Term_English;Istilah_Indonesia;Definisi
3E criteria;kriteria 3E;Kriteria 3E merupakan keefektifan (effectiveness), efisiensi (efficiency) dan kesetaraan (equity) pertama kali digunakan pada laporan Stern (Economic of Climate Change) untuk mengevaluasi skema pengurangan gas rumah kaca global.
abrupt climate change;perubahan Iklim secara tiba-tiba;Perubahan iklim yang tiba-tiba, ketidaklinieran sistem iklim dapat menyebabkan perubahan iklim yang tiba-tiba, Kadang-kadang disebut iklim yang secara cepat mengalami perubahan, kejadiannya mendadak atau bahkan dapat disebut mengejutkan. Istilah perubahan iklim tiba-tiba yang sering mengacu ke waktu skala lebih cepat dari skala waktu khas yang dipertanggungjawabkan secara paksa. Namun, tidak semua perubahan iklim tiba-tiba harus terjadi karena adanya paksaan eksternal. Beberapa peristiwa yang mungkin dikategorikan termasuk iklim tiba-tiba adalah peristiwa sirkulasi termohalin, mencairnya gletser secara cepat, mencairnya secara besarbesaran material organik dari tanah atau batuan es yang bersuhu dibawah 0°C atau peningkatan respirasi tanah yang menyebabkan terjadinya perubahan cepat siklus karbon. Banyak kejadian lainnya yang mungkin benar-benar tak terduga, dihasilkan dari sesuatu yang kuat, cepat berubahnya sehingga memaksa terjadinya sistem nonlinier.
accreditation;akreditasi;Proyek validator dan pengukur kredit perlu diakreditasi jika layanan profesional mereka akan digunakan oleh pengembang proyek untuk melaksanakan kredit sesuai karbon Kyoto
Accredited Independent Entity (AIE);Badan Independent Terekriditasi;Badan Independen Terakreditasi melakukan validasi dokumen desain proyek untuk proyek Implementasi Bersama. Peran ini mirip dengan Badan Operasi yang didesain dibawah Mekanisme Pembangunan Bersih
Acclimatization;Aklimatisasi;Aklimatisasi adalah penyesuai secara fisiologis terhadap variasi iklim
Active layer;Lapisan Aktif;Lapisan di atas tanah atau batuan pada lapisan es yang terkena pembekuan atau pencairan secara musiman
Activities Implemented Jointly (AIJ);Kegiatan Implementasi Bersama;Kegiatan yang dilaksanakan Bersama, sebagai tahap percontohan untuk Implementasi Bersama, sebagaimana dimaksud dalam Pasal4,(a) dari Kerangka Konvensi PBB tentang Perubahan Iklim (UNFCCC), yang memungkinkan untuk kegiatan proyek antara negara maju (dan perusahaan mereka) dan antara negara maju dan berkembang (dan perusahaan mereka). AIJ ditujukan agar bagi Pihak PBB dalam Kerangka Konvensi Perubahan Iklim (UNFCCC) untuk mendapatkan pengalaman dalam kegiatan proyek yang bersama-sama dilaksanakan. Selama fase proyek percontohan dalam kegiatan kegiatan AIJ tidak ada kredit yang diberikan. Sebuah keputusan masih diambil pada masa depan proyek AIJ dan bagaimana mereka mungkin berhubungan ke Mekanisme Kyoto. Sebagai bentuk sederhana dari izin yang dapat diperdagangkan, AIJ dan lainnya yang berbasis skema pasar mewakili pentingnya potensi mekanisme untuk merangsang arus sumber tambahan untuk kebaikan lingkungan global.
Actual net greenhouse gas removals by sinks;Besar Net Aktual GHG yang diserap;Jumlah dari perubahan diverifikasi dalam persediaan karbon pada sumber karbon dalam batas proyek dari aforestasi atau proyek reforestasi, dikurangi peningkatan emisi gas rumah kaca sebagai akibat dari pelaksanaan kegiatan proyek. Istilah ini berasal dari Mekanisme Pembangunan Bersih (CDM) aforestasi dan reforestasi modalitas dan prosedur.
Adaptation;Adaptation;Adaptasi merupakan tindakan oleh sistem alam atau manusia 2 yang berupaya mengurangi kerusakan terhadap dampak yang ditimbulkan oleh perubahan iklim. Pengertian yang lebih lanjut adaptasi digambarkan sebagai upaya mengatasi akibat atau dampak dari perubahan iklim. Adaptasi, adalah penyesuaian ke dalam sistem alam atau manusia yang baru atau mengubah lingkungan. Adaptasi terhadap perubahan iklim mengacu pada penyesuaian dalam sistem alam atau manusia dalam menanggapi keadaan iklim aktual atau proyeksi iklim dan dampaknya, baik iklim yang dapat menguntungkan ataupun pada saat yang merugikan. Berbagai jenis adaptasi dapat dibedakan, termasuk adaptasi antisipasi, adaptasi reaktif, adaptasi pribadi, adaptasi publik, adaptasi otonom, dan adaptasi direncanakan. Adaptasi berarti juga mengelola kondisi yang tidak dapat dihindari akibat perubahan sudah terjadi.
Adaptation Assessment;Kajian Adaptasi;Proses penilaian atau kajian adaptasi yang merupakan praktek mengidentifikasi pilihan untuk beradaptasi dengan perubahan iklim dan mengevaluasi mereka dalam hal kriteria seperti ketersediaan, manfaat, biaya, efektivitas, efisiensi, dan kelayakan.
Adaptation costs;Biaya Adaptasi;Adalah biaya adaptasi, biaya perencanaan, mempersiapkan, memfasilitasi, dan melaksanakan langkah adaptasi, termasuk biaya transisi.
Adaptation fund;Dana Adaptasi;Dana yang dihasilkan dari iuran untuk adaptasi pada proyekproyek Mekanisme Pembangunan Bersih. Tujuan dari dana ini adalah untuk membantu negara-negara berkembang yang sangat rentan agar dapat memenuhi biaya adaptasi terhadap perubahan iklim.
Adaptation levy;Retribusi Adaptasi;"Retribusi yang diterapkan untuk semua proyek Mekanisme Pembangunan Bersih kecuali yang berada di ""negara-negara tertinggal"" (LDC),yang akan digunakan untuk dana adaptasi. Retribusi ini berjumlah 2% dari sertifikat yang diterima oleh 3 kegiatan proyek. Dana tersebut akan digunakan untuk membantu negara-negara berkembang untuk adaptasi perubahan iklim."
Adaptive capacity;Kapasitas Adaptasi;Kapasitas adaptasi, kemampuan sistem untuk menyesuaikan diri dengan perubahan iklim (termasuk variabilitas iklim dan iklim ekstrem) tanpa mengalami potensi kerusakan, untuk mengambil keuntungan dari peluang, atau untuk mengatasi konsekuensi dampaknya.
Additionality;Penambahan;"Pengurangan emisi dari sumber atau peningkatan penyerapan oleh rosot yang merupakan tambahan terhadap apapun yang akan terjadi pada tidak adanya dari Implementasi Bersama atau Mekanisme Pembangunan Bersih kegiatan proyek sebagaimana didefinisikan dalam Anggaran Protokol Kyoto pada Pelaksanaan Bersama dan Mekanisme Pembangunan Bersih. definisi ini selanjutnya dapat diperluas untuk mencakup keuangan, investasi, dan penambahan teknologi. Di bawah ""keuangan penambahan, ""dana kegiatan proyek wajib menjadi tambahan untuk Fasilitas Lingkungan Global yang ada, keuangan lainnya komitmen dari Para Pihak yang termasuk dalam Lampiran I, Bantuan Resmi Pembangunan, dan sistem kerja sama lainnya. Di bawah ""tambah investasi,"" nilai Emisi Pengurangan Unit / Satuan Pengurangan Emisi Bersertifikat akan secara signifikan meningkatkan kelangsungan hidup keuangan dan / atau komersial kegiatan proyek. Di bawah ""tambah teknologi,"" yang teknologi yang digunakan untuk kegiatan proyek harus menjadi yang terbaik tersedia untuk keadaan Partai host. Untuk Implementasi Bersama dan proyek Clean Development Mechanism, pengurangan emisi harus tambahan untuk mereka yang terjadi justru sebaliknya. Additionality adalah ketika ada perbedaan positif antara emisi yang terjadi dalam skenario baseline, dan emisi yang terkait dengan proyek yang diusulkan."
Adiabatic process;Proses Adiabatic;Proses adiabatik, Sebuah proses adiabatik adalah proses di mana tidak ada panas eksternal yang diperoleh atau hilang oleh sistem. Proses sebaliknya disebuts sebagai proses diabatic. 4
Adveksi;Adveksi;Transportasi air atau udara bersama dengan sifat-sifatnya (misalnya, suhu, reaksi kimia) oleh gerakan fluida. Mengenai perbedaan umum antara adveksi dan konveksi, Peristiwa adveksi menggambarkan, gerakan atau aliran horisontal skala besar dari atmosfer atau laut, sedangkan konveksi menggambarkan gerakan yang didominasi arus atau gerakan vertikal.
Aerosols;Aerosol;Kumpulan partikel padat atau cair di udara, dengan ukuran khas antara 0,01 dan 10 µM yang berada di atmosfer setidaknya selama beberapa jam. Aerosol terbentuk secara alami seperti letusan gunung berapi atau berasal dari bahan antropogenik yang dikeluarkan oleh gas buang baik pabrik atau kendaraan bermotor. Aerosol dapat mempengaruhi iklim dengan beberapa cara: langsung melalui hamburan dan menyerap radiasi, dan tidak langsung dengan bertindak sebagai inti kondensasi awan atau memodifikasi sifat optik dan masa hidup awan.
Afforestation;Penghijauan Kembali;Penanaman hutan baru pada lahan yang secara historis belum terdapat hutan. Hutan tersebut setidaknya memerlukan jangka waktu 50 tahun untuk dapat dipergunakan, dan harus ada lahan baru yang siap menggantikan dengan melakukan penyemaian atau menyediakan benih. Untuk diskusi tentang hutan panjang dan terkait istilah seperti aforestasi, reforestasi dan deforestasi, lihat Laporan IPCC Khusus tentang Lahan, Perubahan Tata Guna Lahan - dan Kehutanan (IPCC, 2006).
AFOLU;AFOLU;Merupakan singkatan dari Agriculture, Forestry and Other land used. Penggunaan singkatan ini direkomendasikan dalam IPCC guidelines (2006) sebagai istilah baru menggantikan LULUCF (Land use, Land used change and forestry) dan pertanian.
Agreement;Kesepakatan;Kesepakatan adalah tingkat relatif konvergensi dari literatur yang dinilai oleh penulis. 5
Alliance of Small Island States (AOSIS);Perhimpunan Negara- negara kepulauan Kecil;Dibentuk pada Konferensi Iklim Dunia Yang Kedua (1990). AOSIS terdiri anggota negara-negara berkembang yang geografisnya terdiri dari gugusan pulau-pulau kecil dan pesisir dataran rendah yang sangat rentan terhadap dampak yang merugikan dari perubahan iklim, seperti kenaikan permukaan laut, coral bleaching, dan peningkatan frekuensi dan intensitas badai tropis. Mempunyai anggota lebih dari 35 negara dari kawasan Atlantik, Karibia, Samudera Hindia, Mediterania, dan Pasifik, tujuan dibentuknya AOSIS secara umum adalah masalah lingkungan dan hal-hal pembangunan berkelanjutan dalam proses UNFCCC.
Allowance;Pinjaman;Pinjaman, transaksi, right to emit di negara yang telah cap emisi di bawah Protokol Kyoto. Unit untuk pinjaman/transaksi adalah ton CO2.
Ancillary Benefits;Manfaat Tambahan;Kebijakan yang ditujukan pada sasaran tertentu, misalnya mitigasi perubahan iklim, mungkin dipasangkan dengan efek samping yang positif, seperti meningkatkan penggunaan sumberdaya efisiensi, mengurangi emisi polutan udara yang terkait dengan penggunaan fosil bahan bakar, transportasi ditingkatkan, pertanian, praktek penggunaan lahan, kerja, dan jaminan bahan bakar. Dampak tambahan juga digunakan ketika mungkin muncul efek negatif. Kebijakan diarahkan pada mereda polusi udara dapat mempertimbangkan dengan mitigasi gas rumah kaca yang merupakan manfaat tambahan, tetapi perspektif ini tidak diperhitungkan dalam kajian ini.
Annex I countries;Negara Annex I;Berdasarkan Pasal 4.(a) dan 4,(b) Konvensi, Lampiran I negara berkomitmen secara khusus untuk kembali ke tujuan secara individu atau bersama-sama untuk tingkat 1990 dari greenhouse gas emisi pada tahun 2000. Secara default, negaranegara lain disebut sebagai negara Non-Annex. Negara-negara yang termasuk dalam Anex 1 antara lain : Australia, Austria, Belarus **, Belgia, Bulgaria, Kanada, Kroasia **, Republik Ceko 6 **, Denmark, Estonia, Uni-Eropa, Firlandia, Perancis, Jerman, Yunani, Hungaria, Islandia, Irlandia, Italia, Jepang, Latvia, Liechtenstein **, Lithuania, Luxembourg, Malta, Monaco **, Belanda, Selandia Baru, Norwegia, Polandia, Portugal, Romania, Federasi Russian **, Slovakia **, Slovenia **, Spain, Sweden, Swiss, Turki **, Ukraina **, Inggris Raya dan Irlandia Utara, serta Amerika Serikat. Dimana negara dengan * merupakan negara pengamat dan ** merupakan negara yang memiliki COP dan atau CMP yang spesial.
Annex II countries;Negara Annex II;Berdasarkan Artikel 4.(g) adalah grup dari negara dalam Annex II UNFCCC termasuk negara OECD, negara tersebut diharapkan untuk menyediakan sumber pendanaan untuk membantu negara berkembang memenuhi kewajiban mereka seperti menyiapkan laporan nasional. Kelompok negara Annex II juga diharapkan untuk mempromosikan transfer teknologi dari teknologi yang ramah lingkungan kepada negara berkembang. Negara-negara yang termasuk dalam Annex II yaitu : Austria, Belgia, Kanada, Denmark, Firlandia, Perancis, Jerman, Yunani, Islandia, Irlandia, Italia, Jepang, Luxembourg, Belanda, Selandia Baru, Norwegia, Portugal, Spanyol, Swedia, Swiss, Inggris Raya dan Amerika Serikat.
Annex B Countries;Negara Annex B;Negara-Negara Yang termasuk dalam Annex B Protokol Kyoto adalah golongan negara industri dengan batasan emisi gas rumah kaca ( yang dapat berupa peningkatan emisi) atau berkomitmen untuk pengurangan emisi. Negara tersebut sedang dalam transisi menuju ekonomi pasar. Perbedaan antara negara Annex I dan Annex B adalah Turki dan Belarusia
Antropogenik;Antropogenik;Buatan manusia atau kejadian yang disebabkan oleh manusia.
Aggregate Impacts;Dampak yang Terintegrasi;Jumlah total dampak yang terintegrasi di sektor dan / atau pada suatu wilayah. Agregasi dampak membutuhkan pengetahuan (atau asumsi tentang) kepentingan relatif dari dampak di berbagai 7 sektor dan wilayah. Ukuran dampak agregat meliputi, misalnya, jumlah orang yang terkena, atau biaya ekonomi total
Algae;Ganggang;Ganggang adalah sejenis tanaman atau tumbuhan yang mampu berfotosintesis, dapat dilihat secara mikroskopis, organisme ini hidup dalam ekosistem laut dan air tawar.
Algal bloom;Ledakan Ganggang;Sebuah ledakan reproduksi atau populasi ganggang di danau, sungai atau laut
Alpine;Alpine;Zona geografii yang ada di lereng gunung dengan dicirikan adanya tumbuhnya pohon-pohon tanaman rendah, semak, dan tanaman berkayu tumbuh lambat.
Air mass;Massa Udara;Massa udara, menempati ruang yang luas di udara
Albedo;Albedo;Fraksi pantulan radiasi matahari oleh permukaan atau objek, sering dinyatakan sebagai persentase. Tertutup salju permukaan memiliki Albedo tinggi. Albedo permukaan tanah berkisar dari tinggi ke rendah, dan permukaan yang tertutup vegetasi dan lautan memiliki albedo yang rendah. Albedo di bumi bervariasi terutama melalui kekeruhan yang bervariasi, salju, tutupan es, luas daun dan perubahan tutupan lahan.
Albedo feedback;Pengaruh Balik Albedo;Sebuah umpan balik iklim yang melibatkan perubahan dalam Albedo bumi. Biasanya mengacu pada perubahan dalam kriosfer (lapisan es di permukaan bumi), yang memiliki Albedo jauh lebih besar (~ 0,8) dari Albedo planet rata(~ 0,3). Dalam terjadinya pemanasan iklim global, diperkirakan bahwa kriosfer akan menyusut, Albedo bumi keseluruhan akan menurun dan radiasi matahari akan diserap lebih oleh bumi sehingga bumi jauh lebih hangat. 8
Alkalinity;Akalinitas;Ukuran kapasitas solusi untuk menetralkan asam.
Altimetry;Aklimetri;Sebuah teknik untuk mengukur ketinggian laut, danau atau sungai, tanah atau permukaan es sehubungan dengan pusat bumi dalam kerangka yang didefinisikan sebagai referensi terestrial. Lebih konvensional, para tinggi adalah sehubungan dengan elipsoid referensi standar aproksimasi oblateness (kecengungan) Bumi, dan dapat diukur dari ruang angkasa dengan menggunakan radar atau laser dengan presisi sentimetrik saat ini. Keuntungan altimetri telah menjadi ukuran geosentris, bukan relatif terhadap kerak bumi seperti untuk tide gauge, dan pengukuran cakupan affording kuasi-global.
Annular modes;Mode Melingkar;Pilihan pola-pola perubahan di atmosfer sesuai dengan perubahan rata-rata sirkulasi baratan dalam wilayah lintang menengah. Mode annular Utara memiliki bias ke Atlantik Utara dan memiliki hubungan yang besar dengan Osilasi Atlantik Utara (Northern Atlantic Oscillation). Mode annular Selatan terjadi di Belahan bumi Selatan. Variabilitas dari lintang menengah baratan juga dikenal memilikil aliran zonal (atau angin) yang mudah berubah-ubah, dan diketahui melalui indeks zonal (barat timuran).
Anthropogenic emissions;Emisi Antropogenik;Emisi gas rumah kaca, perkusor-perkusor gas rumah kaca, dan aerosol yang terkait dengan kegiatan manusia. Ini termasuk pembakaran bahan bakar fosil, deforestasi, perubahan pemanfaatan lahan, ternak, pemupukan, dll yang menghasilkan kenaikan emisi.
Aquaculture (Budi Daya dengan Media Air));Aquaculture (Budi Daya dengan Media Air));Budidaya dari tanaman air atau hewan seperti penangkaran ikan kerapu, salmon atau kerang dibuat untuk dapat dipanen.
Aquifer;Aquifer;Sebuah lapisan batuan tembus yang menyandang air. Suatu 9 lapisan bebas akuifer akan diisi langsung oleh hujan lokal, sungai dan danau, dan laju resapan akan dipengaruhi oleh kemampuan tembus air dari batuan dan tanah diatasnya.
Aragonite;Aragonite;Suatu mineral calcium karbonat (kapur), yang digunakan oleh jenis kerang dalam membentuk rumah atau, organisme sejenisnya yang mengapur seperti karang (karang hangat dan dingin), contohnya makroalga tertentu, siput laut, dan jenis moluska seperti misalnya, kerang, tiram, cumi-cumi, gurita). Aragonit lebih sensitif untuk pengasaman laut, juga termasuk dari kalsit digunakan oleh banyak organisme laut.
Arbovirus;Arbovirus;Berbagai virus yang ditularkan oleh arthropoda pengisap darah (misalnya, nyamuk, kutu, dll) dan termasuk agen penyebab demam berdarah, demam kuning, dan beberapa jenis ensefalitis.
Arid region;Daerah Arid;Sebuah wilayah dataran dengan curah hujan rendah, di mana nilai 'rendah' tersebut secara luas menerima curah hujan dibawah 250 mm per tahun.
Article 12 projects;Proyek Artikel 12;Artikel 12 merupakan salah satu artikel pada Protokol Kyoto. Dimana artikel ini menguraikan mekanisme clean development project dan keriterianya.
Article 6 projects;Proyek Artikel 6;Artikel 12 merupakan salah satu artikel pada Protokol Kyoto. Dimana artikel ini menjelaskantentang kerjasama implementasi dan kriterianya.
Assigned Amount (AA) (;bESARAN YANG dITETAPKAN;Jumlah besaran emisi gas rumah kaca akibat manusia yang ditetapkan dalam Protokol Kyoto negara-negara industri (Annex I) selama periode tertentu. Di bawah Protokol Kyoto yang sudah disepakati, jumlah emisi gas yang ditetapkan adalah jumlah emisi gas rumah kaca yang negara Annex B telah setuju untuk sebagai 10 batas tertinggi untuk emisi dalam periode komitmen pertama (2008 ke 2012). AA adalah total emisi gas rumah kaca negara tersebut pada tahun 1990 dikalikan dengan lima (untuk periode komitmen lima tahun) dan dengan persentase yang disepakati sebagai tercantum dalam Lampiran B dari Protokol Kyoto (misalnya 92% untuk Uni Eropa, 93% untuk Amerika Serikat).
Assigned Amount Unit (AAU);Besar Unit yang Ditetapkan;AAU merupakan unit yang diperdagangkan yang yang dihasilkan dari target emisi negara Annex 1 berdasarkan Protokol Kyoto. Sebuah AAU sama dengan 1 ton (metrik ton) CO2 atau setara emisi dihitung dengan menggunakan nilai potensi pemanasan global (Global Warming Potential).
Atlantic Multi-decadal Oscillation (AMO);Asilasi multi Dasarian di Atlantik;Multi-decadal (65 untuk 75 tahun) risiko fluktuasi di Atlantik Utara, di mana permukaan laut suhu menunjukkan fase hangat selama sekitar 1860-1880 dan1905, 1930 ke 1960 dan fase dingin selama untuk 1925 dan 1970-1990 dengan berbagai urutan 0,4 °C.
Atmosfer;Atmosfir;Lapisan gas yang menyelimuti bumi yang berfungsi mempertahankan suhu udara dalam fluktuasi yang kecil melalui proses efek rumah kaca dan menahan radiasi matahari yang berbahaya. Atmosfer tersusun dari 78% Nitrogen (N?), 21% Oksigen (O?), 0,9% Argon (Ar), dan 0,03% Kabondioksida (CO?). Sisanya berupa gas-gas lain seperti Helium (He), Hidrogen (H), Xenon, (Xe) Ozon (O?), uap air, dan partikel-partikel debu yang dikenal sebagai aerosol. Ketebalan atmosfer bumi mencapai ribuan kilometer. Atmosfer yang terbentang pada ketinggian 500 hingga 1000 km di angkasa luar itu menjadi pelindung bagi mahluk hidup di bumi. Lapisan atmosfer paling atas kondisinya sangat tipis dan renggang, sehingga partikel-partikel dapat bergerak bebas dan dapat lepas dari gravitasi bumi. Sebaliknya pada lapisan bawah atmosfer sangat tebal dan terdiri dari gas, air, debu, dan lain-lain. Keadaan ini yang menyebabkan terjadinya aktivitas cuaca dan iklim di bumi. 11
Autonomous (exogenous) technological change;Perubahan Teknologi yang Dpaksakan;Perubahan teknologi otonom (eksogen) yang dipaksakan dari luar model, biasanya dalam bentuk trend waktu mempengaruhi permintaan energi atau pertumbuhan output dunia. 12
Backstop technology;Teknologi Pendukung;"Model estimasi mitigasi sering mencirikan sebuah teknologi bebas karbon sewenang-wenang (sering untuk pembangkit listrik) yang tersedia di masa depan dalam persediaan yang tidak terbatas model cakrawala atas. Ini memungkinkan model untuk menjelajahi konsekuensi dan pentingnya solusi teknologi generik tanpa menjadi terjebak dalam memilih teknologi. Ini ""pagar"" atau batasan teknologi yang mungkin seperti suatu teknologi nuklir, teknologi fosil dengan menangkap dan penyerapan surya, atau sesuatu yang belum terbayangkan. Teknologi pagar adalah biasanya diasumsikan baik untuk tidak saat ini, atau hanya ada biaya lebih tinggi relatif terhadap alternatif konvensional."
Bali Action Plan;Rencana Aksi Bali;Bali Action Plan mengacu pada Keputusan 1/CP.13 yang memberikan kerangka kerja untuk proses lengkap negosiasi international sehingga dapat memberikan implementasi dari konfrensi yang lengkap, efectif dan berkelanjutan sepanjang kerjasama, pada saat ini hingga 2012 dan setelahnya. Action Plan ini termasuk ketentuan-ketentuan untuk pendekatan kebijakan dan insentif positif untuk isu-isu mengenai pengurangan emisi dari pengurangan dan penggundulan hutan di Negara-negara berkembang. Selain itu peranan dari konservasi, pengelolaan berkelanjutan dari hutan dan carbon stok didalamnya di Negaranegara berkembang.
Bali Road Map;Peta Jalan Bali;Dikenal juga dengan peta jalan Bali adalah dokumen kesepakatan aksi yang dihasilkan sidang COP-13/UNFCCC tahun 2007 di Bali yang terdiri dari lima hal poko yaitu komitmen paska 2012, adaptasi, transfer teknologi, REDD dan CDM.
Banking;Perbankan;Menurut Protokol Kyoto [Pasal (13)], termasuk pihak dalam Annex I UNFCCC dapat menghemat AAU kelebihan dari yang pertama periode komitmen untuk memenuhi batas atas masing13 masing dalam komitmen berikutnya periode (pasca 2012). Batas maksimum 2,5% dari jumlah target suatu negara telah ditetapkan masuk segagai kredit perbankan yang dapat digunakan dalam periode berikutnya, baik untuk unit pengurangan emisi dari proyek Implementasi bersama dan pengurangan emisi yang diakui dari proyek Clean Development Mechanism. Unit Jumlah ditugaskan dari perdagangan emisi dapat dieksekusi tanpa pembatasan, sedangkan Removal Unit untuk penghapusan CO2 tidak bisa masuk sebagai kredit.
Barrier;Pembatas;Setiap hambatan untuk mencapai potensi tujuan, adaptasi atau mitigasi yang dapat mengatasi atau dilemahkan oleh kebijakan, program, atau diukur. Penghapusan hambatan termasuk mengoreksi kegagalan pasar langsung atau mengurangi biaya transaksi dalam masyarakat dan ektor swasta dengan misalnya meningkatkan kapasitas kelembagaan, mengurangi risiko dan ketidakpastian, memfasilitasi transaksi pasar, dan menegakkan peraturan kebijakan.
Baseline/reference;Referensi;"Baseline (atau referensi) adalah dimana perubahan diukur terhadap suatu keadaan awal yang terukur. Mungkin 'baseline saat ini', dalam hal ini merupakan awal kondisi diamati. Hal ini juga mungkin ""masa depan baseline', yang adalah satu set proyeksi kondisi masa depan tidak termasuk faktor pendorong yang menarik. Kondisi alternatif interpretasi dapat menimbulkan referensi beberapa baseline. Dengan kata lain baseline dapat dinyaqtakan sebagai emisi gas rumah kaca yang akan terjadi tanpa kegiatan proyek atau intervensi kebijakan. Karena itu menggambarkan emisi yang berhubungan dengan skenario bisnis seperti biasa. Pengurangan emisi tambahan dari kontribusi proyek hanya dapat ditentukan setelah baseline telah dinilai. Berbagai pendekatan dapat diambil untuk menentukan baseline, tetapi pendekatannya harus dijustifikasi sebagai bagian dari proses validasi proyek."
Basin;Daerah Aliran Sungai - DAS;Daerah drainase sungai, sungai atau danau. Lebih dikenal sebagai daerah tangkapan air (DAS). 14
Benthic Community;Benthic Community;Komunitas organisme yang hidup pada atau dekat bagian bawah wilayah-wilayah yang banyak mengandung air, seperti sungai, danau atau samudra.
Benchmark;Patokan;Sebuah variabel yang terukur dan digunakan sebagai dasar atau acuan dalam mengevaluasi kinerja organisasi. Benchmark dapat ditarik dari pengalaman internal, bahwa organisasi lain atau dari kebutuhan hukum sering digunakan untuk mengukur perubahan kinerja dari waktu ke waktu.
Bayesian Method;Metode Bayesian;Metode Bayesian merupakan metode dimana sebuah analisis statistik dari suatu kuantitas yang tidak diketahui atau tidak pasti dilakukan dengan jalan keluar dalam dua langkah. Pertama, distribusi probabilitas sebelum diformulasikan berdasarkan pengetahuan yang ada (baik dengan memunculkan pendapat ahli atau dengan menggunakan data yang ada dan studi). Pada tahap ini terlebih dulu, elemen subjektivitas mungkin mempengaruhi pilihan, tetapi dalam banyak kasus, sebelum istribusi probabilitas dipilih senetral mungkin, agar tidak mempengaruhi hasil analisis. Pada langkah kedua, data baru diperoleh diperkenalkan, dengan menggunakan teorema dirumuskan oleh dan dinamai matematikawan Inggris Bayes (1702-1761), untuk memperbarui distribusi prior (sebelum) ke dalam distribusi posterior (setelah).
BioCarbon Fund (Dana BioCarbon;BioCarbon Fund (Dana BioCarbon;Merupakan dana public/swasta dikelola oleh World Bank untuk melakukan proyek yang menyerap atau mengkonservasi karbon di hutan dan agroekosistem.
Biodiversity;Keragaman Hayati;Total keragaman dari semua organisme dan ekosistem di berbagai skala spasial (dari gen untuk seluruh bioma).
Bilateral CDM;Bilateral CDM;Sebuah proyek CDM bilateral adalah bentuk standar dari proyek CDM, yang melibatkan investor, negara maju dan sejumlah negara berkembang 15
Biofuel;Biofuel;Adalah suatu bahan bakar yang dihasilkan dari bahan organik atau minyak mudah terbakar yang dihasilkan oleh tanaman. Contoh biofuel termasuk alkohol, minyak jarak, dan minyak kedelai.
Biomass;Biomass;"Massa total atau volume organisme yang hidup di daerah tertentu; bahan tanaman mati dapat dimasukkan sebagai biomassa mati."
Biome;Bioma;Bioma adalah suatu elemen regional yang besar dan berbeda dari biosfer, biasanya terdiri dari beberapa ekosistem (hutan misalnya,sungai, kolam, rawa di suatu daerah). Bioma ditandai oleh komunitas tumbuhan dan hewan yang khas.
Biosphere;Biosphere;Bagian dari sistem Bumi terdiri yang dari semua ekosistem dan organisme hidup, di atmosfer, di darat (terestrial biosfer) atau di lautan (biosfer laut),t ermasuk yang berasal bahan organik mati, seperti sampah organik materi tanah dan detritus oseanik.
Biota;Biota;"Semua organisme yang hidup di suatu daerah; flora dan fauna dianggap sebagai suatu unit."
Bog;Bog;Kumpulan gambut lahan basah yang bersifat asam.
Black carbon;bb;"Secara operasional didefinisikan sebagai jenis aerosol yang berdasarkan pada pengukuran reaktivitas penyerapan dan kimia cahaya dan / ataustabilitas termal; terdiri dari jelaga, arang dan / atau mungkin bahan organik tahan api (Charlson dan Heintzenberg, 1995, hal. 401)."
Blocking anticyclone;Blocking anticyclone;Sebuah anticyclone yang berada pada posisi tetap hampir 16 stasioner selama seminggu atau lebih pada menengah atau lintang tinggi, sehingga menghambat system perkembangan pergerakan tekanan tinggi dan tekanan rendah dalam pola cuaca yang normal.
Boreal forest;Hutan Boreal;Hutan pinus, cemara, cemara dan larch yang membentang dari timur pantai barat Kanada hingga Alaska dan berkelanjutan dari Siberia ke arah barat melintasi batas seluruh Rusia ke benua Eropa. Wilayah ini mempunyai Iklim kontinental, dengan panjang, musim dingin yang sangat dingin (sampai 6 bulan dengan suhu rata-rata di bawah titik beku), dan selama musim panas yang singkat mempunyai curah hujan yang meningkat, meskipun demikian jumlah curah hujan tahunan dianggap masih rendah. Adanya tingkat penguapan yang rendah diwilayah ini sehingga membuat iklim yang lembab.
Breakwater;Pemecah Air;Suatu bangunan kasar (contoh kumpulan pecahan batu-batu gunung/kali) yang dibangun atau disusun di pinggir pantai atau bahkan di laut, untuk menahan hempasan gelombang, melindungi pelabuhan, pantai atau daerah pantai. Sebuah breakwater dapat dibangun sepanjang pantai atau anjungan lepas pantai.
Bowen ratio;Bowen ratio;Ukuran jumlah fluxes panas laten dari permukaan bumi sampai ke atmosfer. Nilai terendah (urutan 0,1) untuk permukaan basah seperti laut, dan lebih besar dari 2 untuk padang pasir dan wilayah kering.
Bottom-up models;Model dari Bawah ke Atas;Model yang mewakili realitas dengan menggabungkan karakteristik kegiatan dan proses yang spesifik, rekayasa teknologi dan rincian biaya.
Bubble;Gelembung;Buble merupakan kebijakan mengenai perhitungan emisi bersama dari beberapa negara yang menjadi suatu grup yang 17 menyertakan pula terget untuk grup tersebut. Instrumen Kebijakan untuk pengurangan polusi yang dinamai perlakuan terhadap beberapa poin emisi mereka yang terkandung seolaholah berada dalam sebuah gelembung imajiner. Pasal 4 dari Protokol Kyoto memungkinkan sekelompok negara untuk memenuhi target mereka tercantum dalam Lampiran B bersamasama dengan menggabungkan emisi mereka di bawah satu 'gelembung' dan berbagi beban (misalnya UE).
Burden;Burden;Massa total zat gas yang menjadi perhatian di atmofer.
Business-as-Usual (BAU);Bisnis seperti biasa;Referensi kebijakan netral untuk emisi dimasa depan, yangmerupakan proyeksi dari emisi dimasa depan tanpa ada kegiatan REDD. 18
C3 plants;Tanaman C3;Tanaman yang menghasilkan senyawa karbon dengan tiga ikatan selama berfoto sintesis, termasuk pohon-pohon besar dan tanaman pertanian seperti padi, gandum, kedelai, kentang dan sayuran.
C4 plants;Tanaman C4;Tanaman, terutama asal tropis, yang menghasilkan senyawa karbon ikatan empat selama ber fotosintesis, termasuk keluarga padi-padian dan beberapa komoditas pertanian yang penting seperti jagung, tebu, dan sorgum.
C;C;Isotop karbon stabil yang memiliki berat atom sekitar 13. Pengukuran rasio 13C/12C dalam molekul karbon dioksida digunakan untuk menyimpulkan pentingnya perbedaan siklus karbon dan proses iklim dan ukuran terestrial reservoir karbon.
C stabil isotop;C stabil isotop;karbon yang memiliki berat atom sekitar 14, dan masa setengan hidupnya sekitar 5.700 tahun. Hal ini sering digunakan untuk tujuan menggabungkan kembali beberapa 40 ribu tahunan.
Calcareous organisms;Organisme Kapur;Sebuah gugusan besar dan beragam organisme, banyak terdapat di laut, organism tersebut menggunakan kalsit atau aragonit untuk membentuk cangkang atau kerangka tubuh.
Calcite;Calcite;Suatu mineral kalsium karbonat (kapur), yang digunakan oleh kerang-kerangan untuk membentuk kerangka, organism contohnya seperti foraminifera, beberapa makroalga, lobster, kepiting, bulu bab atau duri babi dan bintang laut. Kalsit dari aragonit kurang sensitif terhadap pengasaman laut, juga banyak digunakan oleh organisme laut lainnya. 19
Canopy Cover;Penutupan Kanopi;Persen dari permukaan ekosistem yang berada dibawah kanopy tumbuhan.
Cap;Paket;Mandat untuk menahan diri sebagai batas atas emisi. Batas atas emisi yang diperbolehkan. Mandat Protokol Kyoto sebagai topi emisi yang dalam jangka waktu yang dijadwalkan pada jumlah emisi antropogenik gas rumah kaca iyang akan dikeluarkan oleh negara-negara Annex B. Untuk Uni Eropa misalnya apada tahun 2008-2012 harus mengurangi CO2 setara emisi dari enam gas rumah kaca ke tingkat 8% lebih rendah dari tingkat tahun 1990 an.
Capacity;Kapasitas;Merupakan kombinasi dari kemampuan, atribut dan sumber daya yang terdapat pada suatu individu, komonitas, masyarakat atau organisasi, yang dapat digunakan dalam usaha untuk pencapaian target.
Capacity building;Pengembangan Kapasitas;Dalam konteks perubahan iklim, peningkatan kapasitas sedang mengembangkan teknis keterampilan dan kemampuan kelembagaan dalam negara berkembang dan yang ekonomi dalam transisi untuk memungkinkan mereka berpartisipasi dalam semua aspek adaptasi, mitigasi, dan juga terlibat dalam penelitian tentang perubahan iklim, atau semua yang sudah tertuang dalam pelaksanaan Mekanisme Kyoto. proses ini memastikan bahwa sumberdaya manusia disuatu negara telah memiliki kemampuan dan pengetahuan yang cukup untuk mengerti dan mampu mengimplementasikan protokol Kyoto.
Carbon Capture and Storage (CCS);Penangkap dan Penyimpan Carbon;Penangkapan dan Penyimpanan Karbon adalah sebuah proses yang terdiri dari pemisahan CO2 dari industri dan berhubungan langsung dengan sumber energi, transportasi ke lokasi penyimpanan, dan isolasi jangka panjang dari atmosfer.
Carbon cycle;Siklus Carbon;Istilah yang digunakan untuk menggambarkan alur karbon (dalamberbagai bentuk, misalnya karbon dioksida) melalui atmosfer,biosfer laut , dan lapisan litosfer.
Carbon dioxide;CO2;Suatu gas yang terjadi secara alami, juga merupakan produkdari pembakaran bahan bakar fosil dari deposit fosil karbon, seperti minyak, gasdan batubara, pembakaran biomassa dan perubahan penggunaan lahan dan lainnyaseperti proses industri. Gas ini adalah termasuk gas utama rumah kaca gas yang mempengaruhi keseimbangan radiasi di bumi. Gas ini juga menjadi gas referensi ukuran terhadap gas-gas rumah kaca lainnya.
Carbon dioxide (CO2) fertilization;Fertilisasi karbon dioksida;Peningkatan pertumbuhan tanaman sebagai akibat meningkatnya konsentrasi karbon dioksidadi (CO2) di atmosfer. Tergantung pada mekanisme mereka fotosintesis, beberapa jenis tanaman lebih sensitif terhadap konsentrasi perubahan CO2 dalam atmosfer. Secara khusus, tanaman C3 umumnya menunjukkan respon yang lebih besar terhadap CO2 daripada tanaman C4.
Carbon intensity;Intensitas Karbon;Jumlah emisi CO2 per unit dari PDB.
Carbon leakage;Kebocoran Karbon;Bagian dari pengurangan emisi di negara-negara Annex B yang mungkin diimbangi oleh peningkatan emisi di atas tingkat dasar di negara non-Annex. Hal ini dapat terjadi melalui (1) relokasi intensif energi produksi wilayah non terbatas, (2) peningkatan konsumsi fosil bahan bakar di wilayah ini melalui penurunan harga minyak internasional dan gas yang dipicu oleh permintaan yang lebih rendah untuk energi ini, dan (3) perubahan pendapatan (sehingga permintaan energi) karena hal yang lebih baik dari perdagangan. Kebocoran juga mengacu pada gas rumah kaca yang berhubungan dengan efek rumah kaca dengan adanya pengurangan emisi atau CO2 melalui kegiatan proyek penyerapan yang terjadi di luar batas-batas proyek dan yang terukur dan diakibatkan pula oleh adanya aktivitas. Pada banyak kesempatan, kebocoran dipahami sebagai awal menangkal 21 kegiatan. Namun demikian, mungkin ada situasi di mana efek diatribusikan (berkontribusi) pada aktivitas di luar wilayah proyek yang menyebabkan pengurangan emisi Gas Rumah Kaca. Hal Ini biasa disebut spill-over. Sementara itu adanya kebocoran spillover negative menyebabkan adanya diskon pengurangan emisi sebagai diverifikasi, sedangan spill-over positif mungkin tidak dalam semua kasus dapat dipertanggungjawabkan.
Carbon Market;Pasar Karbon;Suatu pasar yang melakukan transaksi emisi karbon, yang biasanya diperjual-belikan dalam bentuk kredit karbon. Pasar terdiri dari pasar sukarela (di mana target pengurangan emisi tidak diatur) dan pasar sesuai.
Carbon pool;Kolam Karbon;Kolam karbon: letaknya dapat di atas tanah biomassa, atau di bawah tanah biomassa, berasal dari sampah kayu, atau kayu mati dan karbon tanah organik. Negara-negara yang menjadi anggota Proyek CDM dapat memilih untuk menjelaskan satu atau lebih sumber karbon jika mereka memberikannya tidak transparan dan informasinya dapat diverifikasi yang menunjukkan bahwa pilihannya akan tidak meningkatkan penyerapan bersih GRK oleh antropogenik yang diharapkan menjadi sink.
Carbon price;Harga Karbon;Apa yang harus dibayar (untuk beberapa otoritas publik sebagai tarif pajak, atau pada pertukaran beberapa izin emisi) untuk emisi 1 ton CO2 ke atmosfer. Dalam model dan Laporan, harga karbon adalah biaya sosial menghindari unit tambahan CO2 yang ekuivalen dengan besarnya emisi. Pada beberapa model itu diwakili oleh satuan harga bayangan tambahan CO2 yang dihasilkan, pada orang lain dengan tarif pajak karbon, atau tunjangan harga izin emisi. Hal ini juga telah digunakan dalam berbagai Laporan sebagai tingkat cut-off untuk biaya peredaan marjinal dalam penilaian potensi mitigasi ekonomi.
Carbon sinks;Penyerap Karbon;Penyerap carbon adalah ecosistem, terutama hutan dan lautan, yang mengurangi carbon dioksida dari atmosfer dengan cara 22 penyerapan dan penyimpanan sehingga dapat mengurangi emisi karbon dioksida.
Carbon Stock;Stok Karbon;Jumlah Absolut carbon yang terdapat pada suatu daerah pada waktu tertentu.
Carbonaceous aerosol;Carbonaceous aerosol;Aerosol yang utamanya terdiri dari zat organik dari berbagai bentuk karbon hitam (Charlson dan Heintzenberg, 1995, hal. 401).
CCS-ready;CCS-ready;Jika penyebaran cepat CCS (Carbon Captured and Storage atau Penyimpanan dan Penangkapan Karbon) seperti yang diinginkan, maka pembangkit listrik baru bisa dirancang dan terletak menjadi 'CCS-siap' oleh ruang pemesanan untuk instalasi menangkap karbon, unit merancang untuk kinerja yang optimal ketika menangkap kabon ditambahkan pula dan tapak pabrik untuk mengaktifkan akses ke waduk penyimpanan karbon.
Certified Emission Reduction Unit;CER;Sama dengan satu ton metrik CO2 atau setara pengurangan emisi atau yang dikeluarkan melalui proyek Mekanisme Pembangunan Bersih, dihitung dengan menggunakan nilai Potensi Pemanasan Global. Untuk mencerminkan potensi nonpermanen melalui proyek aforestasi dan proyek kegiatan reboisasi, penggunaan sertifikat sementara untuk antropogenik Bersih Penghapusan Gas Rumah Kaca diputuskan oleh COP 9.
Carbon sequestration;Carbon sequestration;Proses peningkatan kandungan karbon dari suatu reservoir / kolam selain atmosfer.
Catchment;Daerah Tangkapan;Suatu daerah yang tangkapan air hujan atau daerah aliran sungai.
CDM;Clean Development Mechanism;CDM atau Mekanisme Pembangunan Bersih memungkinkan proyek pengurangan gas rumah kaca berlangsung di negara 23 yang memiliki target emisi tidak di bawah Protokol Kyoto Konvensi Kerangka Kerja PBB tentang Perubahan Iklim (UNFCCC), yang baru saja ditandatangani.
CDM Executive Board;CDM Executive Board;Badan Eksekutif CDM merupakan badan yang memberikan persetujuan proyek CDM, menyatakan perusahaan operasional dan akan mengeluarkan kredit karbon untuk proyek-proyek CDM.
CDM Project Cycle;Siklus Proyek CDM;Hal ini mengacu pada tahapan-tahapan yang suatu kegiatan proyek harus lalui sebelum mendapatkan certified emissions reductions (CER) oleh CDM EB. Tahapan meliputi Konsepsi Ide Proyek, sampai dengan pengembangan Dokumen Desain Proyek, Validasi, Registrasi, Pemantauan dan Verifikasi, dan Penerbitan CER.
Certified Emission Reductions;CER;Merupakan unit dasar dari Mekanisme Pembangunan Bersih. dimana (Satu) CER setara dengan pengurangan emisi sebesar satu ton karbon dioksida (tCO2e).
Chaos;Kekacauan;Sebuah sistem dinamis seperti sistem iklim, diatur oleh persamaan nonlinier deterministik (lihat Nonlinieritas), mungkin menunjukkan menentu atau perilaku kacau dalam arti bahwa keadaan awal sistem sangat kecil mengalami perubahan namun akan menyebabkan perubahan besar dan tampaknya tak terduga menjadi perubahan evolusi temporal. Perilaku kacau tersebut dapat membatasi prediktabilitas sistem dinamis nonlinier.
Chagas' disease;Penyakit Chagas;Sebuah penyakit yang disebabkan oleh parasit Trypanosoma cruzi dan ditransmisikan oleh bug triatomine di Amerika, dengan dua periode klinis: akut (demam, pembengkakan limpa, oedema) dan kronis(sindrom pencernaan, kondisi jantung yang fatal).
Chemical oxygen demand (COD);Keperluan Senyawa Oksigen;"Jumlah oksigen yang dibutuhkan untuk oksidasi lengkap pada 24 organik senyawa kimia dalam air; dan digunakan sebagai ukuran dari tingkat polutan organik dan limbah di perairan alami."
Cholera;Kolera;Sebuah infeksi yang terbawa air usus disebabkan oleh bakteri (Vibriocholerae) yang menghasilkan tinja berair, kram perut dan rasa sakit, dan akhirnya berakibat mengalami dehidrasi danbahkan bias menjadi shock.
Chlorofluorocarbons;CFCs;Gas rumah kaca yang tercakup dalam Protokol Montreal 1987 dan digunakan untuk pendinginan, AC, kemasan, isolasi, pelarut, atau aerosol propelan. Karena mereka tidak dapat hancur di bawah atmosfer, CFC melayang ke atmosfer atas, menyesuaikan kondisi yang cocok, mereka memecah ozon. Gas-gas ini sedang digantikan oleh senyawa lain, termasuk hydrochlorofluorocarbons dan hidrofluorokarbon, yang merupakan gas-gas rumah kaca yang tercakup dalam Protokol Kyoto.
Charcoal;Charcoal;"Bahan yang dihasilkan dari charring biomassa, biasanya mempertahankan beberapa tekstur khas mikroskopis dari jaringan kimia tanaman itu; sebagian besar terdiri dari karbon dengan graphitic struktur tidak teratur, dengan jumlah yang lebih kecil dari oksigen dan hidrogen (Charlson dan Heintzenberg, 1995, hal. 402)."
Chronology;Kronologi;Pengaturan peristiwa menurut tanggal atau waktu kejadian.
Clathrate;methane;Suatu campuran berupa sebagian zat cair yang dibekukan dan berasal dari gas metana dan es, biasanya ditemukan dalam sedimen.
Clausius-Clapeyron Relationship (or equation);Persamaan Clausius-Clapeyron;Persamaan diferensial yang berkaitan dengan tekanan dari suatu zat (biasanya uap air) tehadap suhu dalam sistem di mana dua fase substansi (air) berada dalam kesetimbangan. 25
Clean Development Mechanism (CDM);Mekanisme Pembangunan Bersih;Yang dimaksud dalam Pasal 12 dari Protokol Kyoto, adalah untuk memenuhi dua tujuan: (1) untuk membantu pihak yang tidak termasuk dalam Lampiran I dalam mencapai pembangunan berkelanjutan dan untuk berkontribusi dalam tujuan utama dari konvensi tersebut, dan (2) untuk membantu pihak-pihak termasuk dalam Lampiran I dalam mencapai penaatan mereka dihitung pembatasan emisi dan komitmen pengurangan. Emisi bersertifikat Pengurangan Unit dari proyek CDM yang dilakukan dalam negara-negara Non-Annex yang membatasi atau mengurangi emisi gas rumah kaca, maka ketika bersertifikat oleh entitas operasional yang ditunjuk oleh Konferensi Para Pihak /Pertemuan Para Pihak, dan dapat diterima oleh investor (pemerintah atau industri) dari pihak dalam Annex B. Sebagian dari hasil dari kegiatan proyek bersertifikat digunakan untuk menutupi biaya administrasi serta untuk memenuhi biaya adaptasi dalam rangka membantu mengembangkan negara-negara yang sangat rentan terhadap dampak negatif perubahan iklim.
Climate;Iklim;Iklim dalam arti sempit biasanya didefinisikan sebagai rata-rata cuaca, atau lebih ketat, sebagai deskripsi statistik dalam hal ratarat dan variabilitas dalam jumlah yang relevan selama periode waktu dimulai dari bulan ke ribuan atau jutaan tahun. Periode klasik rata-rata untuk variabel-variabel ini adalah 30 tahun, sebagai yang telah didefinisikan oleh Organisasi Meteorologi Dunia (WMO). Kuantitas variabel yang paling sering relevan dengan kondisi permukaan bumi seperti suhu, curah hujan dan angin. Iklim dalam arti lebih luas adalah iklim suatu wilayah atau negara, termasuk deskripsi statistik, dari sistem iklim. Dalam berbagai bab dalam laporan sering dijumpai yang berbeda periode rata-rata, seperti jangka waktu 20 tahun, juga sudah dapat digunakan.
Climate Change;Perubahan Iklim;Perubahan iklim mengacu pada perubahan iklim di suatu wilayah 26 atau negara yang dapat diidentifikasi (misalnya, dengan menggunakan uji statistik) dengan perubahan dalam rata-rata dan/atau variabilitas dari sifat-sifatnya, dan bahwa perubahan tersebut telah berlangsung selama jangka waktu yang panjang, biasanya dekade atau lebih. Perubahan iklim terjadi mungkin karena proses internal alam atau pendorong eksternal, atau perubahan peningkatan penggunaan bahan bakar antropogenik atau dalam penggunaan lahan. Perhatikan bahwa Konvensi Kerangka Perubahan Iklim PBB (UNFCCC), dalam Pasal, yang 1 telah mendefinisikan perubahan iklim sebagai: 'perubahan iklim yang disebabkan secara langsung atau tidak langsung oleh aktivitas manusia sehingga mengubah komposisi atmosfer global dan yang merupakan tambahan terhadap variabilitas iklim alami yang diamati selama dibandingkan dengan periode waktu tertentu. UNFCCC membuat perbedaan antara perubahan iklim disebabkan oleh tindakan manusia dalam mengubah komposisi atmosfer, dan variabilitas iklim disebabkan oleh penyebab alami.
Climate change commitment;Kometmen Perubahan Iklim;Karena perubahan suhu dari laut dan proses lambat dalam biosfer, kriosfer dan permukaan tanah, iklim akan terus berubah bahkan jika komposisi atmosfer didefinisikan pada nilai saat ini. Dengan adanya perubahan komposisi atmosfer mengarah pada komitmen terjadinya perubahan iklim, yang terus menerus selama terjadi ketidak seimbangan radiasi dan semua komponen dari sistem iklim pada suatu wilayah. Komitmen perubahan iklim mencakup masa depan perubahan lainnya, misalnya dalam siklus hidrologi, dalam peristiwa cuaca dan iklim ekstrim, dan juga perubahan permukaan laut.
Climate Extreme (Extreme Weather or Climate Event);Iklim Ekstrim;"Terjadinya nilai dari cuaca atau iklim variabel di atas (atau bawah) nilai ambang dekat bagian atas (atau bawah) nilai kisaran pengamatan. Untuk mempermudah, cuaca ekstrim baik peristiwa dan kejadian iklim ekstrim secara kolektif disebut iklim sebagai 'ekstrem. """
Climate feedback;Pengaruh Balik Iklim;Mekanisme interaksi antara proses dalam suatu sistem iklim 27 disebut umpan balik iklim saat keputusan atas proses awal memicu perubahan dalam proses kedua yang pada gilirannya mempengaruhi proses yang awal. Sebuah umpan balik proses positif yang asli akan mengintensifkan, dan umpan balik negatif mengurangi itu.
Climate Feedback Parameter;Parameter dari Pengaruh Balik Iklim;Sebuah cara untuk mengukur respon radiasi dari sistem iklim dengan mengubah suhu permukaan global yang diinduksi oleh radiasi forcing (unit: W m-2 ° C-1). Kondisi ini sangat bervariasi sebagai kebalikan dari sensitivitas iklim yang efektif. Secara formal, Umpan balik Parameter Iklim ( L ) adalah didefinisikan sebagai: L = ( D Q - D F) /AT, di mana Q adalah radiasi forcing ratarata global, T adalah berarti suhu udara permukaan global, F adalah panas flux ke dalam laut dan D merupakan perubahan terhadap iklim.
Climate model (spectrum or hierarchy);Model Iklim;Sebuah representasi numerik dari sistem iklim berdasarkan sifat dari komponen-komponen kimia, fisika dan biologi. Interaksi sifatsifat tersebut dan proses umpan balik, dan perhitungan untuk semua atau beberapa sifat yang diketahui. Sistem iklim tersebut dapat diwakili oleh model kompleksitas yang bervariasi, yaitu, untuk setiap komponen satu atau kombinasi komponen spektrum atau hirarki model dapat yang diidentifikasi, aspek yang berbeda dalam seperti jumlah dimensi spasial, sejauh yang fisik, kimia atau proses biologi diwakili secara eksplisit, atau tingkat di mana parametrizations empiris adalah terlibat. Ditambah pada Model Umum Sirkulasi Kopel Laut-Atmosphere (AOGCMs) yang memberikan representasi spektrum dari sistem iklim yang tersedia paling komprehensif saat ini. Ada sebuah evolusi menuju model yang lebih kompleks dengan interaktif kimia dan biologi. Model iklim ini diterapkan sebagai alat penelitian untuk mempelajari dan mensimulasikan iklim,d an untuk tujuan operasional, termasuk bulanan, musiman dan prediksi iklim antartahunan.
Climate prediction;Prakiraan Iklim;Prediksi iklim atau prakiraan iklim adalah hasil upaya untuk 28 menghasilkan evolusi dari perkiraan iklim sebenarnya di masa depan, misalnya, di musiman, antartahunan atau skala waktu jangka panjang. Evolusi masa depan system iklim mungkin sangat sensitif terhadap kondisi awal, prediksi seperti biasanya adalah suatu probabilistik sifatnya di alam.
Climate projection;Proyeksi Iklim;Sebuah proyeksi respon system iklim untuk skenario emisi atau konsentrasi gas rumah kaca dan aerosol, atau skenario radiasi forcing, sering didasarkanpada simulasi dengan model iklim. Proyeksi iklim dibedakan dari prediksi iklim untuk menekankan bahwa proyeksi iklim tergantung pada skenario emisi / konsentrasi /forcing radiasi yang digunakan, yang didasarkan pada asumsi tentang, misalnya, menyadari masa depan sosial ekonomi dan teknologi perkembangan yang mungkin atau tidak mungkin dan karena itu tunduk pada ketidak pastian yang cukup besar.
Climate scenario;Skenario Iklim;Sering disebut pengertian proyeksi iklim di masa depan yang sederhana dan masuk akal, berdasarkan hubungan set iklim secara konsisten internal yang telah dibangun untuk eksplisit dan digunakan dalam menyelidiki konsekuensi potensial dari perubahan iklim antropogenik, sering dipergunakan sebagai model masukan untuk dampak. Proyeksi iklim seringkali menjadi bahan baku untuk membangun scenario iklim skenario, tetapi skenario iklim biasanya memerlukan tambahan informasi seperti tentang iklim saat ini yang diamati. Suatu skenario proyeksi perubahan iklim adalah perbedaan antara skenario iklim dan iklim saat ini.
Climate sensitivity;Sensitivitas Iklim;Dalam laporan IPCC, keseimbangan sensitivitas iklim mengacu pada perubahan keseimbangan di permukaan suhu rata-rata global tahunan setelah penggandaan setara konsetrasi karbon dioksida di atmosfer. Karena keterbatasan komputasi, keseimbangan sensitivitas iklim dalam model iklim biasanya diperkirakan dengan menjalankan model sirkulasi atmosfer umum digabungkan ke model interaksi laut atmosfer, karena sensitivitas kesetimbangan iklim sangat ditentukan oleh proses atmosfer. Effisiensi model dapat dijalankan untuk setimbang 29 dengan laut yang dinamis. Sensitivitas iklim yang efektif adalah ukuran terkait kebutuhan yang mengelakan keseimbangan. Hal ini ditinjau dari output model non-ekuilibrium untuk berkembang. Hal ini adalah mengukur kekuatan dari masukan iklim pada waktu tertentu dan mungkin berbeda dengan forcing histori iklim dan keadaan iklim. Parameter sensitivitas iklim (unit: ° C (W m-2) -1) mengacu pada kesetimbangan perubahan suhu permukaan tahunan rata-rata global yang menyusut karena adanya perubahan akibat forcing radiasi. Respon transien iklim adalah perubahan pada suhu global permukaan rata-rata selama periode 20-tahun, berpusat pada saat karbon dioksida di atmosfer dua kali lipat, yaitu, bereksperimen pada 70 tahun dalam tahun ke-1 senyawa karbon dioksida meningkat 1% dengan ditingkat global berdasarkan perhitungan model iklim. Kondisi ini adalah ukuran respon kekuatan dan kecepatan suhu permukaan terhadap dorongan gas rumah kaca.
Climate shift or climate regime shift;Pergeseran Iklim;Sebuah pergeseran mendadak atau melompat dalam nilai-nilai sinyal rata-rata perubahan iklim. Paling banyak digunakan dalam hubungannya dengan pergeseran iklim 1976/1977 yang tampaknya sesuai dengan perilaku perubahan di El NiñoSouthern Oscillation.
Climate system;Sistem Iklim;Sistem iklim adalah sangat system yang kompleks terdiri dari komponen utama: atmosfer, hidrosfer, para kriosfer (lapisan es), permukaan tanah dan biosfer, dan interaksi antara mereka. Sistem iklim berkembang diwaktu di bawah pengaruh dinamika internalnya sendiri dan juga karena adanya pendorong eksternal seperti letusan gunung berapi, variasi matahari dan pendorong lainnya seperti komposisi antropogenik berubah dari kondisi akibat perubahan penggunaan lahan.
Climate threshold;Batas Ambang Iklim;Titik di mana forcing eksternal dari sistem iklim, seperti contohnya karena konsentrasi meningkatnya gas rumah kaca di atmosfer, akan memicu peristiwa iklim atau lingkungan yang signifikan yang dianggap tidak dapat diubah, atau hanya dapat dipulihkan 30 dengan skala waktu yang sangat panjang, seperti luas pemutihan karang atau runtuhnya sistem sirkulasi laut.
Climate variability;variabbilitas Iklim;Variabilitas iklim mengacu pada variasi rata-rata statistik rata-rata dan lainnya (seperti standar deviasi,terjadinya ekstrem, dll) dari iklim dalam suatu wilayah pada semua ruang dan sementara diluar skala kejadian cuaca individu. Variabilitas mungkin karena proses internal alami dalam sistem iklim (variabilitas internal), atau untuk variasi alam atau forcing antropogenik eksternal (variabilitas eksternal).
Cool Nights;Malam Dingin;Persentase dari hari yang memiliki suhu minimum kurang dari persentil ke 10.
Cold Days/Cold Nights;Hari dingin;Hari dimana maksimum temperatur atau malam dimana minimum temperatur berada dibawah persentil ke-10, dimana distribusi temperatur masing didefinisikan secara umum dengan periode acuan 1961-1990.
Cold Spell Duration Indicator;Indikator hari dingin berturut-turut;Jumlah hari yang minimum 6 hari secara berturut-turut memiliki suhu minimum kurang dari persentil ke 10 nya.
Cloud albedo effect;Efek dari albedo awan;Sebuah dorongan radiasi yang disebabkan oleh peningkatan dalam aerosol antropogenik yang menyebabkan peningkatan awal dalam konsentrasi butiran dan penurunan ukuran butiran awan pada kandungan air di awan yang tetap, yang menyebabkan peningkatan Albedo awan. Efek ini juga dikenal sebagai efek tidak langsung pertama atau efek Twomey.
Cloud condensation nuclei (CCN);Inti Kondensasi awan;Partikel aerosol yang melayang di udara dan berfungsi sebagai posisi awal untuk kondensasi air cair, yang dapat menyebabkan pembentukan tetesan awan. 31
Cloud feedback;Pengaruh balik awan;Sebuah umpan balik yang dalam salah satu perubahan iklimnya melibatkan sifat-sifat awan sebagai respon terhadap perubahan atmosfer lainnya. Dengan memahami masukan awan dan menentukan besarnya mereka dan memerlukan pemahaman tentang bagaimana perubahan iklim dapat mempengaruhi spektrum jenis awan, fraksi awan dan tinggi, dan radiasi sifat awan, dan perkiraan dampak dari perubahan-perubahan pada jumlah budget radiasi bumi. Saat ini, awan masukan tetap menjadi sumber terbesar ketidakpastian dalam perkiraan sensisivitas iklim.
Cloud lifetime effect;lama pengaruh awan;Sebuah dorongan yang diinduksi oleh peningkatan aerosol antropogenik yang menyebabkan penurunan ukuran butiran awan, mengurangi efesiensi hujan, sehingga memodifikasi kandungan air di awan, ketebalan awan dan waktu hidup awan. Efek ini juga dikenal sebagai efek tidak langsung kedua atau efek Albrecht. Terlepas dari efek tidak langsung, aerosol mungkin memiliki efek semi tidak langsung. Hal ini mengacu pada penyerapan radiasi matahari dengan menyerap aerosol, yang memanaskan udara dan cenderung meningkat stabilitas statis relatif terhadap permukaan. Hal ini juga dapat menyebabkan penguapan butiran awan.
Cloud radiative forcing;Tekanan radiasi awan;Dorongan radiasi awan adalah bedanya antara jumlah seluruh radiasi total dan kondisi langit yang cerah dengan jumlah radiasi Bumi (unit: W m-2).
CO2-equivalent concentration;CO2-equivalent concentration;Konsentrasi karbon dioksida yang akan menyebabkan hal yang sama dengan jumlah dorongan radiasi sebagai campuran yang diberikan karbon dioksida dan gas rumah kaca. CO2-equivalent emission Jumlah emisi CO2 yang akan menyebabkan dorongan radiasi yang sama sebagai jumlah yang dipancarkan dari gas rumah kaca yang tercampur, atau campuran gas rumah kaca tercampur, semua dikalikan dengan masing-masing nilai Potensi Pemanasan Global untuk memperhitungkan perbedaan beberapa kali agar mereka tetap di atmosfer. 32
Co-benefits;Co-benefits;Manfaat dari kebijakan yang telah dilaksanakan karena berbagai alasan disaat yang sama, dan mengakui memiliki kebijakan lain yang dirancang untuk mengatasi mitigasi gas rumah kaca, sering dengan alasan-alasan yang penting seperti (misalnya, terkait dengan tujuan pembangunan, keberlanjutan, dan ekuitas). Istilah co-dampak juga digunakan dalam hal yang lebih umum untuk menutupi dapat manfaat kedua sisi positif dan negatif.
Co-generation;Co-generation;Penggunaan keluaran limbah panas dari panas listrik untuk pembangkit listrik kembali. Sebagai contoh adalah misalnya kondensasi panas dari turbin uap atau asap panas gas buang dari turbin gas, untuk keperluan industri, bangunan atau distrik pemanas. Sinonim untuk generasi Heat Gabungan dan Power (CHP).
Coastal squeeze;Coastal squeeze;Perubahan dari ekosistem pesisir (misalnya, rawa-rawa yang berada di pesisir, hutan bakau dan lumpur dan dataran pasir) terjadi karena naiknya permukaan laut dan baik alami atau buatan sehingga mengubah garis pantai, termasuk juga dampak reklamasi pantai.
Coccolithophores;Coccolithophores;Ganggang bersel tunggal fitoplankton mikroskopik yang membangun kerang seperti struktur dari kalsit (suatu bentuk kalsium karbonat).
Combined-cycle Gas Turbine;CCGT;Pembangkit listrik yang menggabungkan dua proses untuk menghasilkan listrik. Pertama, gas atau bahan bakar minyak ringan yang mensuplai turbin gas yang mau tidak mau kehabisan panas gas buang (> 800 ° C). Kedua, dengan panas pulih dari gas ini, dengan penembakan tambahan, adalah sumber untuk memproduksi uap yang menjalankan turbin uap. Turbin memutar alternator terpisah. Hak ini akan menjadi sebuah CCGT terintegrasi ketika bahan bakarnya adalah gas sintesis dari batubara atau reaktor gasifikasi biomassa dengan pertukaran arus energi antara bahan bakar dan gasifikasi CCGT. 33
Compliance;Compliance;Kepatuhan adalah apakah dan sejauh mana negara-negara mematuhi suatu ketentuan kesepakatan. Kepatuhan tergantung pada pelaksanaan kebijakan yang sudah dipesan, dan apakah langkah-langkah tersebut menindaklanjuti suatu kebijakan. Kepatuhan adalah sejauh mana para aktor yang perilakunya adalah ditargetkan oleh perjanjian, seperti unit pemerintah daerah, perusahaan, organisasi atau individu, sesuai dengan pelaksanaan kewajiban.
Commitment Period;Commitment Period;Periode waktu (2008-2012) di mana negara-negara industri akan membatasi emisi pada tingkat yang telah disepakati dalam Protokol Kyoto.
Committed to extinction;Committed to extinction;Istilah ini menggambarkan suatu spesies dengan populasi yang berkurang karena dalam proses yang tak dapat dihindari, menjadi punah karena mendapat atau akibat intervensi ulah manusia.
Communicable disease;Communicable disease;Penyakit menular yang disebabkan oleh transmisi dari agen infektif biologis seperti: virus, bakteri, protozoa, atau multi seluler macroparasite.
Community-based Disaster Risk Management;Community-based Disaster Risk Management;Dapat dilihat pada Local disater risk management (LDRM)
Confidence;Confidence;Tingkat kerahasiaan dalam kebenaran hasilnya dinyatakan dalam laporan ini, menggunakan terminologi standar
Conference of the Parties;COP;COP merupakan konferensi tahunan antar negara-negara UNFCCC. Delegasi bertemu untuk memutuskan komitmen yang akan dilaksanakan dalam Konvensi Perubahan Iklim misalnya desain CDM mitigasi perubahan iklim. Ini merupakan Badan tertinggi di UNFCCC, dengan hak negara anggota untuk memilih yang telah meratifikasi atau mengaksesi konvensi. Sidang yang 34 pertama (COP-1) digelar di Berlin(1995), diikuti oleh yang ke 2. Geneva (1996), 3.Kyoto (1997), 4.Buenos Aires (1998), 5.Bonn (1999), 6. Den Haag / Bonn (2000, 2001),7.Marrakech (2001), 8.Delhi (2002), 9.Milan (2003), 10.BuenosAires (2004), 11.Montreal (2005), 12.Nairobi (2006), 13. Bali (2007), 14. Poznan (2008), 15. Copenhagen (2009), 16. Cancun (2010), 17. Durban (2011), 18. Doha (2012).
Contingent Valuation Method;CVM;CVM adalah sebuah pendekatan untuk menilai secara kuantitatif nilai-nilai yang diberikan dalam istilah ketersediaan moneter (kesediaan membayar) dan non moneter (untuk berkontribusi dengan waktu, sumber daya dll). Ha iIni merupakan metode langsung untuk memperkirakan nilai ekonomi untuk jasa ekosistem dan lingkungan. Sebuah survei diminta kesediaan mereka untuk membayar akses, atau kesediaan mereka untuk menerima kompensasi atas penghapusan, sebuah pelayanan lingkungan khusus, berdasarkan skenario hipotetis dan deskripsi tentang jasa lingkungan.
Control run;Control run;Sebuah model yang menjalankan dan dilakukan untuk memberikan 'dasar' perbandingan dengan percobaan perubahan iklim. Periode waktu kontrol menggunakan nilai konstan untuk dorongan radiasi akibat gas rumah kaca dan antropogenik sesuai dengan kondisi aerosol masa pra-industri.
Convection;Convection;Gerakan vertikal yang didorong oleh kekuatan daya apung yang timbul dari ketidakstabilan statis, biasanya disebabkan oleh pendingin atau meningkatnya salinitas dekat-permukaan dalam kasus laut dan dekat-permukaan pemanasan dalam kasus atmosfer. Pada lokasi konveksi, skala horisontal kira-kira sama dengan skala vertikal, sebagai lawan kontras besar antara skala ini dalam kondisi sirkulasi umum. Transportasi tukar massal bersih vertikal biasanya jauh lebih kecil dari atas dan ke bawah.
Coping;Coping;Penggunaan keterampilan yang tersedia, sumber daya, dan 35 kesempatan untuk mengatasi, mengelola, dan mengatasi kondisi yang merugikan, dengan tujuan untuk mencapai target jangka pendek sampai menengah.
Coping Capacity;Coping Capacity;Kemampuan dari individu, organisasi, dan sistem, untuk memanfaatkan keterampilan, sumber daya, dan kesempatan yang tersedia, untuk mengatasi, mengelola, dan menanggulangi kondisi buruk.
Coral;Coral;Istilah 'Karang' memiliki beberapa arti, tetapi biasanya nama umum untuk Scleractinia Order, semua spesies yang memiliki kerangka kapur yang keras, dan ditinjau dari pembentuknya dibagi menjadi karang dan non-karang, atau dingin dan karang air hangat.
Coral bleaching;Coral bleaching;Karang yang memucat dalam warna menjadi putih (pemutihan) karena karang kehilangan simbiosisnya, bisa disebabkan oleh ulah manusia.
Coral reefs;Coral reefs;Bentuknya batu kapur (kalsium karbonat) merupakan struktur yang dibangun oleh karang sepanjang pantai (terumbu karang tepi) atau di atas laut dangkal, dapat dalam bentuk seperti tebing terendam atau seperti rak (terumbu penghalang, atol), yang paling mencolok dapat ditemui di samudera tropis dan sub-tropis.
Cosmogenic isotopes;Cosmogenic isotopes;Isotop langka yang dibuat ketika sebuah sinar kosmik berenergi tinggi berinteraksi dengan inti dari sebuah atom. Mereka sering digunakan sebagai indikasi adanya aktivitas magnetik matahari (yang bisa melindungi sinar kosmik) atau sebagai penjejak transportasi atmosfer, dan juga disebut nuklida cosmogenic.
Cost;Cost;"Konsumsi sumber daya seperti waktu kerja, modal, bahan, bahan bakar dan lain sebagainya sebagai konsekuensi dari suatu tindakan. Dalam ilmu ekonomi semua sumber dinilai berdasarkan 36 harga perolehan kesempatan mereka, menjadi nilai penggunaan alternatif yang paling berharga dari sumber daya. Biaya didefinisikan dalam berbagai cara dan di bawah berbagai asumsi dan nilai yang mempengaruhi mereka. Jenis biaya meliputi: biaya administrasi perencanaan, manajemen, pemantauan, audit, akuntansi, pelaporan, kegiatan administrasi,dll yang berhubungan dengan suatu proyek atau program, kerusakan biaya untuk ekosistem, ekonomi dan orang-orang karena efek negatif dari iklim; biaya implementasi perubahan peraturan yang ada dan regulasi, upaya peningkatan kapasitas, informasi, pelatihan dan pendidikan, dll untuk menempatkan kebijakan ke tempatnya, biaya swasta dilakukan oleh individu, perusahaan atau badan swasta lain yang melakukan tindakan, di mana biaya sosial termasuk tambahan biaya eksternal padal ingkungan dan masyarakat secara keseluruhan. Biaya dapat dinyatakan sebagai jumlah, rata-rata (unit, spesifik) menjadi berjumlah dibagi dengan jumlah unit item biaya yang sedang dinilai, dan marjinal atau tambahan biaya karena biaya unit tambahan terakhir. Perspektif yang diterapkan dalam laporan ini adalah: tingkat Proyek menganggap kegiatan berdiri sendiri atau ""Standalone"" yang diasumsikan tidak memiliki dampak langsung yang signifikan. Dampak ekonomi pada pasar dan harga (penawaran dan permintaan) di luar kegiatan itu sendiri. Kegiatan ini dapat menjadi pelaksanaan fasilitas spesifik teknis, infrastruktur, sisi permintaan peraturan, Informasi usaha, standar teknis, dll. Pada tingkat teknologi menganggap sebuah teknologi mitigasi gas rumah kaca tertentu, biasanya dengan beberapa aplikasi dalam proyek yang berbeda dan sektor berbeda. Literatur tentang teknologi mencakup karakteristik teknis mereka, terutama bukti kurva belajar sebagai teknologi berdifusi dan jatuh tempo. Tingkat sektor menganggap kebijakan sektor dalam konteks ""sama dan seimbang sebagian"", yang lain sektor dan ekonomi makrovariabel diasumsikan sebagai yang diberikan. Kebijakan dapat mencakup instrumen ekonomi terkait dengan harga, pajak, perdagangan, dan pembiayaan, spesifik proyek investasi skala besar, dan upaya sisi permintaan peraturan. Tingkat makroekonomi mempertimbangkan dampak kebijakan pendapatan riil dan output, pekerjaan dan kesejahteraan ekonomi di seluruh semua sektor dan pasar. Kebijakan mencakup segala 37 macam ekonomi kebijakan, seperti pajak, subsidi, kebijakan moneter, khusus program investasi, dan teknologi dan kebijakan inovasi. Dampak negatif dari biaya atau manfaat juga dipakai, dan sering keduanya diperhitungkan secara bersama-sama."
Cost-benefit analysis;Cost-benefit analysis;Pengukuran moneter dari semua dampak negatif dan positif terkait dengan suatu tindakan tertentu. Biaya dan manfaat dibandingkan dalam hal perbedaan mereka dan / atau rasio sebagai indikator bagaimana investasi diberikan atau upaya kebijakan lain terbayar dilihat dari sudut pandang masyarakat .
Cost-effectiveness analysis;Cost-effectiveness analysis;Sebuah kasus khusus dari analisis biaya-manfaat di mana semua biaya dari portofolio proyek yang dinilai dalam kaitannya dengan tujuan kebijakan tetap. Tujuan kebijakan dalam hal ini mewakili manfaat dari proyek dan semua dampak lain diukur sebagai biaya atau sebagai biaya negatif (manfaat tambahan). Tujuan kebijakan dapat berupa, misalnya, tujuan yang ditentukan untuk pengurangan emisi gas rumah kaca.
Crediting period;Crediting period;Periode kredit CDM adalah waktu di mana proyek kegiatan ini dapat menghasilkan pengurangan gas rumah kaca dan emisi CO2 atau penghapusan sertifikat. Dalam kondisi tertentu, periode kredit dapat diperpanjang hingga dua kali.
Credits;Credits;Ini ditentukan untuk pengurangan emisi. Dimana terdapat (empat) Kyoto credit yaitu unit jumlah yang ditetapkan, Pengurangan emisis yang telah tersertifikasi, unit pengurangan emisi dan unit removal. Credit yang pertama dialokasikan ke negara-negara yang memiliki target Protokol Kyoto, dan tiga credit yang terakhir dihasilkan melalui berbagai jenis proyek.
Cryosphere;Cryosphere;Komponen dari sistem iklim yang terdiri dari semua salju, es dan tanah beku (termasuk lapisan es) pada dan di bawah permukaan bumi dan laut. 38
Cryptogams;Cryptogams;Sebuah istilah ketinggalan jaman tapi masih digunakan, menandakan suatu kelompok yang beragam dan taksonomi terkait organisme, termasuk jamur dan tanaman yang lebih rendah seperti ganggang, lumut, hornworts, liverworts, lumut dan pakis. 39
Dansgaard-Oeschger events;Dansgaard-Oeschger events;Peristiwa pemanasan mendadak diikuti dengan pendinginan yang bertahap. Pemanasan tiba-tiba dan pendinginan bertahap ini terjadi terutama dalam catatan iklim lampau paleo (palaeoclimate) di inti es Greenland dekat dengan Atlantik Utara, sementara pemanasan yang lebih umum diikuti dengan pendinginan bertahap telah diamati di daerah lain sebagai pengamatan yang baik, dilakukan pada interval 1,5-Kyr selama masa glasial.
Deforestation;Deforestation;Konversi hutan menjadi non-hutan. Untuk diskusi panjang tentang hutan dan hal terkait seperti aforestasi, reboisasi, dan deforestasi lihat Laporan IPCC Khusus Penggunaan Lahan, Perubahan Pemanfaatan Lahan dan Kehutanan (IPCC, 2000). Deforestation didefinisikan oleh Marrakech Accords, merupakan pengaruh langsung dari manusia yang mengkonversi lahan hutan menjadi bukan hutan. Hutan didefinisikan sebagai lahan dengan luas minimum 0.05-1 hektar dengan tutupan kanopi.yang lebih dari 10-30 persennya terdiri dari pepohonan dengan tinggi minimum 2-5 meter ketika dewasa. Pada kenyataannya definisi ini dapat berbeda-beda di setiap Negara namun Protocol Kyoto memberikan acuan tertantu untuk definisi ini dalam penggunaanya pada perhitungan emisi nasional. FAO memberikan definisi lain mengenai deforestation sebagai perubahan hutan menjadi tutup lahan yang lain yang mengakibatkan tutupan kanopi yang kurang dari batas minimum 10 persen.
Degradation;Degradation;Pengertian untuk istilah degradasi hutan didapatkan kesepakatan. Degradasi hutan merupakan pengurangan penutupan lahan pada penutupan kanopi di atas 10 persen. Namun pengertian ini masih umum sedangkan IPCC sendiri belum memberikan pengertian spesifik mengenai ini. 41
Demand-side management;DSM;Kebijakan dan program untuk mempengaruhi permintaan terhadap barang dan atau jasa. Di sektor energi, DSM bertujuan mengurangi permintaanuntuk listrik dan sumber energi. DSM membantu mengurangi gas emisi rumah kaca
Dematerialization;Dematerialization;Proses di mana kegiatan ekonomi dipisahkan dari energi materi keseluruhan, melalui proses seperti eko-efisien produksi atau ekologi industri, yang memungkinkan dampak lingkungan untuk diasumsikan per unit kegiatan ekonomi.
Dengue fever;Dengue fever;Sebuah penyakit virus menular yang disebarkan oleh nyamuk, yang sering disebut demam breakbone karena ditandai dengan nyeri parah disendi dan punggung. Infeksi berikutnya virus dapat menyebabkan demam berdarah dengue (DBD) dan sindrom syok dengue (DSS), yang mungkin berakibat fatal.
Deposit-refund system;Deposit-refund system;Deposit atau biaya (pajak) yang dibayar ketika memperoleh komoditas dan pengembalian atau rabat yang diterima untuk pelaksanaan tindakan tertentu (kebanyakan memberikan komoditas di tempat tertentu)
Desert;Desert;Suatu wilayah yang menerima curah hujan sangat rendah, di mana 'sangat rendah' dimana istilah tersebut diterima secara luas menjadi dibawah 100 mm per tahun.
Desertification;Desertification;Degradasi tanah ke klasifikasi kering, semi-kering, dan daerah kering sub-lembab akibat berbagai faktor, termasuk variasi iklim dan aktivitas manusia. Konvensi PBB untuk memerangi degradasi tanah atau degradasi lahan (UN Convention on Combating Desertification) sebagai pengurangan atau kerugian dalam klasifikasi kering, semi-kering, dan daerah kering sublembab dari biologis atau produktivitas ekonomi dan kompleksitas 42 lahan pertanian tadah hujan, lahan irigasi pertanian, atau daerah padang rumput, hutan, dan hutan yang dihasilkan dari penggunaan lahan atau dari sebuah proses atau kombinasi proses, termasuk proses yang timbul dari kegiatan manusia dan pola tempat tinggal, seperti (i) erosi tanah yang disebabkan oleh angin dan / atau air, (ii) kerusakan sifat-sifat fisik tanah, kimia dan biologi atau ekonomi, dan (iii) hilangnya vegetasi alam dalam jangka panjang.
Designated Focal Point;DFP;Merupakan kesetaraan dari CDM DNA tetapi untuk project-project JL dan dalam kenyataannya seringkali merupakan satu bagian.
Designated Operational Entity;Designated Operational Entity;Sebuah Badan Operasional Khusus adalah badan independen terakreditasi oleh Badan Eksekutif CDM (CDM EB) yang akan memvalidasi proposal dan merekomendasikan proyek untuk registrasi oleh EB CDM, atau memverifikasi data pemantauan dan merekomendasikan kepada EB CDM jumlah kredit karbon yang harus dikeluarkan.
Designated National Authority;Designated National Authority;DNA adalah badan resmi mewakili Pemerintah yang mengambil bagian dalam penyusunan CDM atau proyek JL. Untuk negara tuan rumah JL, DNA akan menyetujui proyek dan isu-isu unit pengurangan emisi dinegara tersebut.
Detection and attribution;Detection and attribution;Iklim bervariasi terus di sepanjang skala waktu. Deteksi perubahan iklim adalah proses yang menunjukkan bahwa iklim telah berubah dalam arti berdasarkan perhitungan statistik, tanpa memberikan alasan untuk proses terjadinya perubahan tersebut. Atribusi perubahan iklim adalah proses penyebab pembentukan perubahan yang paling mungkin untuk terdeteksi dengan beberapa tingkat definisi secara statistik.
Devegetation;Devegetation;Ini adalah hilangnya kepadatan atau tutupan vegetasi dalam suatu lahan atau hamparan. 43
Development path;Development path;Suatu evolusi pembangunan berdasarkan berbagai aspek seperti teknologi, ekonomi, sosial, kelembagaan, budaya dan karakteristik biofisik yang menentukan interaksi antara manusia dan sistem alam, termasuk produksi dan pola konsumsi di semua negara, dari waktu ke waktu pada khususnya skala panjang. Bagian dari suatu pembangunan alternatif akan terlihat berbeda, mungkin berbeda lintasan pembangunannya, dan tren kelanjutan saat ini yang hanya satu dari banyak jalan.
Diabatic;Diabatic;Proses dimana enegi panas diserap atau dilepaskan oleh suatu sistem dari external sistem tersebut.
Diadromous;Diadromous;Ikan yang hidup antara air asin dan air tawar.
Diatoms;Diatoms;Ganggang yang berukuran silt atau kecil yang hidup di perairan permukaan danau, sungai dan laut. Spesies mereka distribusi diumumnya hidup di dasar laut sering berhubungan dengan cerita kondsi suhu permukaan laut masa lampau.
Disaster;Disaster;Perubahan yang tinggi dari keadaan normal disuatu komunitas atau masyarakat karena peristiwa fisika yang berbahaya yang berinteraksi kondisi sosial yang rentan, yang mengarah pada kerugian materi, korban, ekonomi atau dampak lingkungan yang memerlukan tanggapan darurat segera untuk memenuhi kebutuhan kritis manusia dan mungkin memerlukan dukungan eksternal untuk pemulihan kembali.
Disaster management;Disaster management;Proses sosila dalam perencanaan, implementasi dan evaluasi strategi, kebijakan dan pengukuran yang untuk mendukung dan meningkatkan penanggulangan, respon dan pemulihan dari bencana untuk berbagai organisasi dan level sosial.
Disaster Risk;Disaster Risk;Kecenderungan yang terjadi selama periode waktu yang 44 ditentukan dari perubahan dalam fungsi normal dari suatu komunitas atau masyarakat karena peristiwa fisik berbahaya berinteraksi dengan kondisi sosial yang rentan, yang mengarah ke kerugian materi yang luas, manusia, dampak ekonomi, atau lingkungan yang memerlukan tanggap darurat segera untuk memenuhi kebutuhan kritis manusia dan yang mungkin memerlukan dukungan eksternal untuk pemulihan.
Disaster risk management;DRM;Proses untuk merancang, melaksanakan, dan mengevaluasi strategi, kebijakan, dan langkah-langkah untuk meningkatkan pemahaman risiko bencana, mendorong pengurangan risiko bencana dan transfer, dan mempromosikan perbaikan terusmenerus dalam kesiapsiagaan bencana, respon, dan praktik pemulihan, dengan tujuan eksplisit manusia meningkat keamanan, kesejahteraan, kualitas hidup, dan pembangunan berkelanjutan.
Disaster risk reduction;DRR;Merupakan tujuan dan sasaran kebijakan, dan langkah-langkah strategis dan instrumental digunakan untuk mengantisipasi risiko bencana masa depan, mengurangi eksposur yang ada, bahaya, atau kerentanan, dan meningkatkan ketahanan.
Discount rate;Discount rate;Tingkat dimana konsumsi sekarang lebih disukai untuk konsumsi satu tahun, dengan harga tetap konstan, tetapi rata-rata meningkatnya pendapatan sejalan dengan PDB per kapita.
Discounting;Discounting;Sebuah operasi matematika yang membuat moneter (atau lainnya) berisi jumlah yang diterima berbagai titik dalam waktu (tahun) dibandingkan dengan yang dikeluarkan sepanjang waktu. Operator menggunakan tetap atau mungkin berubah terhadap waktu tingkat diskonto (> 0) dari tahun ke tahun yang membuat nilai nilai masa depan berkurang dibanding hari ini. Dalam pendekatan diskon deskriptif seseorang menerima diskon tarif orang (penabung dan investor) benar-benar berlaku dalam mereka sehari-hari keputusan (tingkat diskonto swasta). Dalam 45 preskriptif (etika atau normatif) diskon pendekatan tingkat diskonto adalah tetap dari perspektif sosial, misalnya berdasarkan penilaian etika tentang kepentingan generasi masa depan (tingkat diskonto sosial).
District heating;District heating;Air panas (atau dalam sistem lama adalah uap) yang didistribusikan dari stasiun pusat untuk bangunan dan industri di daerah pendudukan yang padat (kabupaten, sebuah kota atau daerah industri seperti Ruhr atau Saar di Jerman). Fungsi jaringan terisolasi dua pipa seperti air berbasis pusat sistem pemanas di dalam gedung. Hasil pembuangan dari pusat sumber panas dapat dilakukan dengan pemulihan pada proses industri, untuk keperluan seperti kogenerasi pembangkit listrik atau berdiri sendiri pembakaran boiler dengan fosil bahan bakar atau biomassa.
Disturbance regime;Disturbance regime;Frekuensi, intensitas, dan jenis gangguan, seperti kebakaran, serangga atau hama wabah, banjir dan kekeringan.
Diurnal temperature range;Diurnal temperature range;Perbedaan antara suhu maksimum dan suhu minimum selama periode 24-jam atau harian.
Dobson unit;DU;Sebuah unit untuk mengukur jumlah total ozon divertikal kolom di atas permukaan bumi (ozon total kolom). Keadaan tersebut dinyatakan sebagai jumlah unit Dobson dan ketebalan tersebut dalam satuan 10-5 m artinya bahwa kolom ozon akan menduduki jika dipadatkan menjadi lapisan seragam kepadatan pada tekanan 1.013 hPa dan suhu 0 ° C. Satu DU setara dengan kolom ozon yang mengandung 2,69 × 1.020 molekul per meter persegi. Nilai khas untuk jumlah ozon dalam kolom dari atmosfer bumi, meski sangat variabel, adalah DU.
Double dividend;Double dividend;"Sejauh mana menghasilkan instrumen pendapatan, seperti pajak karbon atau izin emisi karbon dapat dilelang (tradable) dengan; (1) membatasi atau mengurangi emisi gas rumah kaca dan (2) 46 mengimbangi setidaknya sebagian dari potensi kesejahteraan kerugian dari kebijakan iklim melalui daur ulang pendapatan di ekonomi untuk mengurangi pajak lain mungkin menyebabkan distorsi. Dalam suatu negara dengan pengangguran yang disengaja, kebijakan perubahan iklim diadopsi mungkin berpengaruh (suatu 'dividen ketiga' positif atau negatif) terhadap lapangan kerja. Dividen ganda lemah terjadi selama ada efek pendapatan daur ulang. Artinya, pendapatan yang didaur ulang melalui pengurangan dalam tingkat marjinal pajak mendistorsi. Kuatnya dividen ganda mensyaratkan bahwa (bermanfaat) efek pendapatan daur ulang yang lebih dari kombinasi offset dari primer dan biaya dalam hal ini, biaya bersih dari pengurangan adalah negatif."
Downscaling;Downscaling;Downscaling adalah metode informasi yang berasal lokal untuk daerah skala (10 sampai 100 km) dari model atau data analisis skala besar. Dua metode utama yang dibedakan adalah: downscaling dinamis dan empiris / downscaling statistik. Pada metode dinamis menggunakan output dari model iklim regional, model global dengan resolusi spasial variabel atau resolusi tinggi model global. Pada model empiris / metode statistik adalah mengembangkan hubungan statistik bahwa link skala besar atmosfer dengan variabel lokal / variable iklim regional variabel. Dalam semua kasus, kualitas produk yang didownscalling tergantung pada kualitas dari model yang mengaturnya.
Drought;Kekeringan;"Secara umum, kekeringan adalah tidak adanya kandungan air di tanah dalam waktu lama atau ditandai berkurangnya presipitasi, dampaknya akan mengakibatkan kekurangan air untuk beberapa kegiatan seperti pertanian atau ketersediaan air tanah maupun cadangan air dalam waduk perlu mendapat perhatian serius. Kekeringan dapat didefinisikan dengan berbagai cara. Kekeringan pertanian didefisikan berkaitan dengan kelembaban di paling atas 1 meter atau lebih dari tanah (zona perakaran) yang akan mempengaruhi tanaman; kekeringan meteorologi adalah defisit curah hujan yang berkepanjangan; dan kekeringan hidrologi berhubungan dengan tingkat aliran air atau stream flow 47 di bawah normal, baik di danau danau maupun pada air tanah. Mega drought adalah periode kekeringan pada suatu musim yang berlangsung berturutan, yang berlangsung lebih lama dari biasanya,biasanya satu dekade atau lebih."
Dynamical system;Dynamical system;Sebuah proses atau serangkaian proses evolusi yang dalam berjalannya dengan proses waktu diatur oleh seperangkat hukum-hukum fisika deterministik. Sistem iklim termasuk adalah sistem dinamik.
Dyke;Dyke;Sebuah dinding buatan manusia atau tanggul di sepanjang pantai untuk mencegah banjir yang dating dari lahan dataran rendah.
Dynamic global vegetation model;DGVM;Model yang mensimulasikan perkembangan vegetasi dan dinamika melalui ruang dan waktu, karena didorong oleh perubahan iklim dan lingkungan lainnya. 48
Early warning system;Early warning system;Serangkaian kapasitas yang diperlukan untuk menghasilkan dan menyebarkan informasi peringatan tepat waktu dan sangat berarti untuk memungkinkan individu, masyarakat, dan organisasi terancam oleh bahaya untuk mempersiapkan dan bertindak secara tepat dan dalam waktu yang cukup untuk mengurangi kemungkinan kerusakan atau kerugian.
Ecological community;Ecological community;Suatu komunitas tanaman dan hewan ditandai dengan kumpulan khas spesies dan kelimpahan mereka.
Ecological corridor;Ecological corridor;Sebuah strip tipis vegetasi yang digunakan oleh satwa liar, berpotensi memungkinkan pergerakan faktor biotik antara dua daerah.
Economic potential;Economic potential;Potensi ekonomi adalah studi yang paling banyak digunakan sebagai jumlah GRK mitigasi yang hemat biaya untuk harga karbon yang diberikan, berdasarkan harga biaya sosial dan diskon tarif, termasuk penghematan energi, tapi tanpa eksternalitas paling. Secara teoritis, itu didefinisikan sebagai potensi efektif biaya mitigasi gas rumah kaca ketika non-pasar biaya sosial dan manfaat disertakan dengan pasar biaya dan manfaat dalam menilai pilihan untuk tertentu tingkat harga karbon (yang dipengaruhi oleh kebijakan mitigasi) dan ketika menggunakan tingkat diskonto sosial bukan yang pribadi. Ini meliputi eksternalitas, yaitu, non-pasar biaya dan manfaat tersebut sebagai lingkungan manfaat bersama.
Economies in Transition;EITs;Negara-negara dengan ekonomi mereka berubah dari sistem ekonomi terencana untuk ekonomi pasar. Ini mengacu pada negara-negara yang sedang dalam proses penataan ulang 49 perekonomian mereka menuju sistem yang lebih berorientasi pasar. Negara-negara ini termasuk negara-nagara pecahan Uni Soviet dan Eropa Timur.
Economies of scale;scale economies;Biaya unit kegiatan menurun ketika kegiatan ini diperpanjang (misalnya, lebih banyak unit diproduksi).
Ecophysiological process;Ecophysiological process;Organisme individu merespon variabilitas lingkungan, seperti ketika terjadi perubahan iklim, melalui proses yang ekofisiologis yang beroperasi terus menerus, umumnya pada mikroskopis atau skala sub-organs. Mekanisme ekofisiologis mendukung tolerasni individu organisme terhadap stres lingkungan, dan terdiri dari luas berbagai tanggapan mendefinisikan batas toleransi mutlak individu dengan kondisi lingkungan. Tanggapan ekofisiologis dapat meningkat untuk mengontrol rentang geografis spesies.
Ecosystem;Ecosystem;Sebuah sistem organisme yang hidup berinteraksi satu sama lain dan lingkungan fisik mereka. Batas-batas apa yang bisa disebut ekosistem yang agak sewenang-wenang, tergantung pada fokus yang menarik atau belajar. Dengan demikian, sejauh mana ekosistem dapat berkisar dari skala spasial yang sangat kecil untuk, akhirnya, seluruh bumi.
Ecosystem approach;Ecosystem approach;Pendekatan ekosistem merupakan strategi untuk pengelolaan terpadu pada sumber daya lahan, air dan hidup yang mempromosikan konservasi dan berkelanjutan digunakan dalam cara ekosistem. Pendekatan ini didasarkan pada penerapan ilmiah yang sesuai metodologi difokuskan pada tingkat organisasi biologis,yang meliputi struktur penting, proses, fungsi dan interaksi antara organisme dan lingkungannya. Hal itu mengakui bahwa manusia, dengan keragaman budaya mereka, merupakan terpisahkan komponen ekosistem banyak. Pendekatan ekosistem mengharuskan manajemen adaptif untuk menangani hal yang kompleks dan dinamis dari sifat ekosistem jika tidak adanya pengetahuan yang lengkap atau pemahaman tentang 50 fungsi mereka. Target prioritas adalah konservasi keanekaragaman hayati dan struktur ekosistem dan berfungsi untuk mempertahankan jasa ekosistem.
Ecosystem services;Ecosystem services;Proses ekologi atau fungsi moneter maupun non-moneter memiliki nilai kepada individu atau masyarakat luas. Ada yang (i) mendukung layanan pemeliharaan seperti produktivitas atau keanekaragaman hayati, (ii) pengadaan jasa seperti makanan, serat, atau ikan, jasa pengatur (iii) seperti pengaturan iklim atau karbon penyerapan, dan (iv) budaya layanan seperti pariwisata atau spiritual dan estetika penghargaan.
Ecotone;Ecotone;Wilayah transisi antara komunitas ekologi yang berdekatan (misalnya, antara hutan dan padang rumput).
Efficacy;Efficacy;Suatu ukuran seberapa efektif suatu radiasi yang diberikan mempengaruhi kepada mekanisme antropogenik alami dapat mengubah kesetimbangan temperatur permukaan global yang setara dibandingkan dengan radiasi yang mempengaruhi karbon dioksida. Laju karbon dioksida meningkat didefinisikan memiliki efficacy 1,0.
Ekman pumping;Ekman pumping;Kekuatan gesekan sirkulasi stres pada permukaan antara dua fluida (atmosfer dan laut) atau antara fluida dan zat yang berdekatan dengan permukaan (permukaan bumi). Ketika yang dihasilkan adalah transportasi massal konvergen, maka konservasi massa membutuhkan aliran vertikal yang jauh dari permukaan. Hal ini disebut pompa Ekman. Jika yang terjadi efek yang berlawanan, dalam hal terjadi perbedaan penafsiran, maka disebut efek hisap Ekman. Keadaan tersebut merupakan efek yang penting baik di atmosfer dan laut.
Ekman transport;Ekman transport;Transportasi total yang dihasilkan dari keseimbangan antara gaya Coriolis dan tegangan gesek akibat efek dari angin pada permukaan laut. 51
El Niño-Southern Oscillation;ENSO;Gejala interaksi laut-atmosfir yang terjadi karena dampak penyimpangan suhu muka laut di wilayah ekuatorial dan timur Pasifik yang diasumsikan dengan adanya nilai indeks perubahan tekanan udara antara bagian barat dan tengah Pasifik tropis. El Niño masa awalnya digunakan untuk menggambarkan arus hangat-air yang secara berkala mengalir bersama di pantai Ekuador dan Peru, mengganggu sirkulasi lokal. Lebih-lebih sejak diidentifikasi memiliki pengaruh pemanasan seperti membentuk semacam basin di Pasifik tropis dengan Samudera timur garis batas penanggalan. Berbagai peristiwa kelautan terkait dengan dampak fluktuasi aliran pola tekanan dari permukaan berskala global tropis dan subtropis disebut Osilasi Selatan. Hal ini ditambah lagi dengan adanya fenomena atmosfer-laut, dengan skala waktu yang sering terjadi sekitar dua hingga sekitar tujuh tahun, peristiwa tersebut secara umum dikenal sebagai El NinoSouthern Oscillation (ENSO). Hal ini sering diukur dengan perbedaan anomali tekanan permukaan antara Darwin dan Tahiti dan permukaan laut suhu di Pasifik tengah dan timur khatulistiwa. Selama peristiwa ENSO berlangsung, angin pasat akan melemah, mengurangi terjadinya upwelling dan akan mengubah arus laut sehingga suhu permukaan laut menjadi hangat, kondisi demikian yang melemahkan angin pasat. Kondisi ini lebih lanjut memiliki dampak besar pada suhu, angin permukaan laut dan pola curah hujan di Pasifik tropis. Ternyata keadan Ini memiliki efek iklim di seluruh wilayah Pasific dan berbagi wilayah lainnya di dunia, melalui penjalaran telekoneksi dunia. Fase dingin ENSO disebut La Niña. Fase El Nino menyebabkan tertariknya uap air di wilayah Indonesia menjauh menuju wilayah Pasifik Barat sehingga wilayah Indonesia dilanda kekeringan. Sedangkan pada fase La Nina terjadi peningkatan uap air di wilayah Indonesia. Dampak El Nino dan La Nina yang terasa di Indonesia terjadi pada musim kemarau.
Eligibility;Eligibility;Negara-negara, atau pihak yang ingin menggunakan mekanisme Kyoto harus memenuhi persyaratan tertentu. Ini ditentukan pada pertemuan Marrakesh pada November 2001 (CoP 7).
Emissions Direct / Indirect;Emissions Direct / Indirect;"Emisi langsung atau ""titik"" emisi yang didefinisikan pada titik 52 dalam rantai energi di mana mereka dilepaskan dan diberikan ke titik dalam rantai energi, apakah sektor, teknologi atau kegiatan. Misalnya emisi dari pembangkit listrik batu bara dianggap langsung emisi dari sektor pasokan energi. Emisi tidak langsung atau emisi ""dialokasikan untuk sektor pengguna akhir"" mengacu pada energi yang digunakan dalam penggunaan sektor akhir dan dihitung untuk emisi yang berhubungan dengan produksi energi hulu pengguna akhir. Misalnya beberapa emisi yang terkait dengan pembangkit listrik dapat dihubungkan pada sektor bangunan yang sesuai dengan penggunaan listrik sektor bangunan."
Emission factor;Emission factor;Faktor emisi adalah tingkat emisi per unit aktivitas, output atau masukan. Misalnya bahan bakar fosil pembangkit listrik tertentu memiliki faktor emisi CO2 yang dihasilkan 0,765 kg / kWh.
Emission permit;Emission permit;Izin emisi adalah hak yang tidak dapat dialihkan atau diperdagangkan dialokasikan oleh pemerintah untuk badan hukum (perusahaan atau emitor) untuk memancarkan jumlah tertentu suatu zat. Suat izin yang diperdagangkan adalah instrumen kebijakan ekonomi di mana hak untuk debit polusi dalam hal ini jumlah emisi gas rumah kacadapat dipertukarkan baik gratis atau dikendalikan melalui izin pasar.
Emission quota;Emission quota;Porsi jumlah emisi yang diijinkan kepada suatu negara atau sekelompok negara dalam kerangka dari total emisi maksimum.
Emissions Reduction Purchase Agreement;ERPA;Ini merupakan dokumen yang mengikat secara hukum yang ditandatangani oleh Penjual dan Pembeli kredit karbon, dengan harga yang diatur untuk volume dan periode waktu tertentu. ERPA ini didasarkan pada format standar seperti yang dirancang oleh IETA (the International Emissions Trading Association).
Emissions Reduction Unit;ERU;Merupakan unit dasar dari proyek kerjasama implementasi. Dimana (satu) unit ERU setara dengan pengurangan emisi sebesar satu ton metrik Co2.
Emission scenario;Emission scenario;Sebuah representasi yang masuk akal dari perkembangan masa depan emisi dari zat-zat yang berpotensi beradiasi secara aktif (misalnya, gas rumah kaca, aerosol), berdasarkan koheren dan konsisten secara internal dan seperangkat asumsi tentang pengaruh-pengaruh yang memicu (seperti pengembangan demografi dan sosial ekonomi, perubahan teknologi) dan hubungan utama antar mereka. Skenario konsentrasi, berasal dari skenario emisi, digunakan sebagai masukan untuk model iklim untuk menghitung proyeksi iklim. Dalam IPCC (1992) disajikan kumpulan scenario emisi yang digunakan sebagai dasar untuk proyeksi iklim di IPCC (1996). Emisi skenario disebut sebagai IS92 skenario. Dalam Laporan IPCC Khusus Skenario Emisi Skenario (Naki?enovi? dan Swart, 2000) baru scenario emisi, yang disebut SRES skenario, sudah diterbitkan, dan beberapa yang sudah digunakan antara lain sebagai dasar untuk proyeksi iklim disajikan pada Bab 9 sampai 11 dari IPCC (2001) dan Bab 10 dan11.
Emission standard;Emission standard;Tingkat emisi yang oleh hukum atau oleh kesepakatan sukarela mungkin tidak terlampaui. Banyak standar menggunakan faktor emisi dalam konsep mereka dan karena itu tidak memberi batasan mutlak pada emisi.
Emissions trading;Emissions trading;Pendekatan berbasis pasar untuk mencapai tujuan lingkungan.Hal ini memungkinkan mereka mengurangi emisi gas rumah kaca di bawah payaung emisi mereka untuk menggunakan atau memperdagangkan pengurangan dan kelebihan untuk mengimbangi emisi di lain sumber dari dalam atau luar negeri. Secara umum, perdagangan dapat terjadi pada intraperusahaan, tingkat domestik, dan internasional. Laporan Penilaian kedua oleh IPCC yang mengadopsi konvensi penggunaan izin untuk kuota sistem perdagangan domestik dan internasional untuk sistem perdagangan tersebut. Perdagangan 54 emisi berdasarkan Pasal 17 dari Protocol Kyoto adalah sistem kuota diperdagangkan yang berdasarkan jumlah yang ditentukan atau dihitung dari pengurangan emisi dan komitmen pembatasan yang tercantum dalam Lampiran B dari Protokol.
Emission trajectories;Emission trajectories;Artinya adalah proyeksi dari jalur emisi masa depan, atau mengamati pola emisi.
Endemic;Endemic;Terbatas atau khas suatu tempat atau wilayah. Mengenai kesehatan manusia, endemik dapat merujuk munculnya penyakit atau agen atau yang biasa/lazim ada dalam suatu populasi atau wilayah geografis.
Endogenous technological Change;Endogenous technological Change;Perubahan teknologi endogen adalah hasil dari kegiatan ekonomi dalam model, yaitu, pilihan teknologi termasuk dalam model dan mempengaruhi permintaan energi dan / atau pertumbuhan ekonomi.
Energy;Energy;Jumlah kerja atau panas yang dapat dihasilkan. Energi diklasifikasikan dalam berbagai jenis dan menjadi berguna untuk tujuan manusia ketika ia mengalir dari satu tempat ke tempat lain atau diubah dari satu jenis ke yang lain. Energi primer (juga disebut sebagai sumber energi) adalah energi yang terkandung dalam sumber daya alam (misalnya, batu bara, minyak mentah, gas alam, uranium) yang tidak mengalami konversi antropogenik. Ketika energi ditransformasikan menjadi energi sekunder dengan cara membersihkan (gas alam), penyulingan (minyak dalam produk minyak) atau dengan konversi menjadi listrik atau panas. Ketika energi sekunder disampaikan pada akhir penggunaan fasilitas maka disebut energi final (misalnya listrik pada stop kontak), dimana menjadi energi yang dapat digunakan (misalnya, cahaya). Dalam sehari-hari, matahari memasok jumlah energi terbesar untuk mengubah uap air sebagai curah hujan, muncul angin, dll. Beberapa bahkan disimpan dalam biomassa atau sungai yang dapat dimanfaatkan oleh manusia. Beberapa 55 manfaat langsung dapat digunakan dirasakan seperti hangatnya siang hari, ventilasi atau panas ambien. Energi terbarukan diperoleh dari berkelanjutan atau berulang arus energi yang terjadi di lingkungan alam dan termasuk teknologi non-karbon seperti energi surya, tenaga air, angin, pasang dan gelombang dan panas bumi, serta teknologi karbon-netral seperti biomassa. Energi yang terkandung adalah energi yang digunakan untuk menghasilkan suatu zat bahan (seperti logam diproses atau bahan bangunan), dengan perhitungan energi yang digunakan pada fasilitas manufaktur (orde nol), energi yang digunakan dalam memproduksi bahan-bahan yang digunakan dalam fasilitas manufaktur (urutan pertama), dan sebagainya.
Energy balance;Energy balance;"Perbedaan energi antara yang total masuk dan total keluar. Jika keseimbangan ini adalah positif, maka terjadi pemanasan;jika negatif, maka terjadi pendinginan. Atau setara dengan energi di dunia dalam periode waktu yang lama, keseimbangan ini harus nol. Karena sistem iklim berasal hampir semua energi dari Matahari, keseimbangan nol menyiratkan bahwa, secara global, jumlah radiasi matahari yang masuk pada harus sama dengan jumlah dari radiasi surya tyang dipancarkan dan radiasi infra merah keluar termal yang dipancarkan oleh sistem iklim. Sebuah gangguan dari keseimbangan radiasi global, baik itu antropogenik atau alami, disebut pengaruh radiasi."
Energy efficiency;Energy efficiency;Rasio output energi yang berguna dari suatu sistem, proses konversi atau kegiatan untuk energi masukan.
Energy intensity;Energy intensity;Rasio penggunaan energi ke output ekonomi. Di tingkat nasional, intensitas energi adalah rasio dari total penggunaan energi domestik utama atau penggunaan energi final terhadap Produk Domestik Bruto.
Energy security;Energy security;Mengukur berbagai keamanan energi tertentu pada suatu bangsa, atau masyarakat global secara keseluruhan, harus 56 melakukan untuk mempertahankan pasokan energi yang memadai.
Energy Service Company;ESCO;Suatu perusahaan yang menawarkan layanan energi untuk enduser, menjamin penghematan energi yang ingin dicapai mengikat mereka langsung ke remunerasinya, serta keuangan atau membantu dalam memperoleh pembiayaan untuk operasi dari sistem energi, dan mempertahankan peran on-going dalam memantau penyimpanan selama jangka waktu pembiayaan.
Ensemble;Ensemble;Sekelompok model simulasi paralel yang digunakan untuk proyeksi iklim proyeksi. Variasi hasil di anggota ensemble memberikan ketidakpastian prakiraan. Ensemble dibuat dengan model yang sama tapi kondisi awalnya yang berbeda hanya mengkarakterisasi ketidak pastian terkait dengan variabilitas iklim internal, sedangkan multi-model yang ensembel termasuk simulasi oleh beberapa model juga mencakup dampak dari perbedaan model. Parameter ensembel perturbed (terganggu), dimana parameter model bervariasi dalam secara sistematis, bertujuan untuk menghasilkan perkiraan permodelan yang lebih obyektif daripada ketidakpastian yang mungkin dengan multimodel ensembel tradisional.
Environmental Additionality;Environmental Additionality;"Penambahan lingkungan ditunjukkan jika hasil proyek pengurangan dalam emisi gas rumah kaca, dibandingkan dengan emisi ""bisnis seperti biasa"" atau kasus dasar."
Environmental effectiveness;Environmental effectiveness;Sejauh mana ukuran, memutuskan kebijakan atau menghasilkan instrumen efek lingkungan, sesuai yang diinginkan.
Environmentally sustainable technologies;Environmentally sustainable technologies;Teknologi yang minim polusi, menggunakan sumber daya secara lebih secara berkelanjutan, mendaur ulang lebih dari limbah dan produk mereka, dan dalam menangani limbah sisa dengan cara lebih diterima dibandingkan teknologi yang mereka gantikan. Mereka juga lebih kompatibel dengan budaya nasional sesuai yang ditentukan sosial-ekonomi, dan prioritas lingkungan.
Equilibrium and transient climate experiment;Equilibrium and transient climate experiment;Kesetimbangan percobaan iklim adalah sebuah percobaan di mana model iklim diperbolehkan untuk sepenuhnya menyesuaikan diri dengan perubahan akibat pengaruh radiasi yang meningkat. Eksperimen demikian memberikan informasi tentang perbedaan antara menyatakan awal dan akhir model, tapi tidak pada tergantung respon waktu. Jika pengaruh radiasi yang meningkat diperbolehkan untuk berkembang secara bertahap sesuai untuk skenario emisi yang ditentukan, respon tergantung waktu dari model iklim dapat dianalisis. Percobaan seperti itu disebut percobaan iklim sementara.
Equilibrium line;Equilibrium line;Batas antara wilayah dimana ada pengurangan luasan gletser bersih tahunan (area ablasi) dan bahwa dimana ada penambahan luasan gletser bersih tahunan (daerah akumulasi) massa es. Ketinggian batas ini disebut sebagai ketinggian garis keseimbangan.
Equivalent carbon dioxide (CO2) concentration;Equivalent carbon dioxide (CO2) concentration;Konsentrasi karbon dioksida yang akan menyebabkan hal yang sama pada jumlah pengaruh peningkatan radiasi sebagai campuran yang diberikan karbon dioksida dan gas rumah kaca.
Equivalent carbon dioxide (CO2) emission;Equivalent carbon dioxide (CO2) emission;Jumlah emisi karbon dioksida yang akan menyebabkan pengaruh peningkatan radiasi yang terintegrasi yang sama, selama jangka waktu tertentu, sebagai jumlah yang dipancarkan dari sebuah sumur gas rumah kaca campuran atau campuran gas rumah kaca juga. Emisi karbon dioksida setara yang diperoleh dengan mengalikan emisi gas rumah kaca yang tercampur dengan nilai Potensi Pemanasan Global Potensi waktu horison tertentu. Untuk campuran gas rumah kaca didapatkan dengan menjumlahkan emisi karbon dioksida setara dari masing-masing gas. Emisi karbon dioksida setara adalah standar dan berguna metrik untuk membandingkan emisi gas rumah kaca yang berbeda tapi tidak berarti kesetaraan tepat dari iklim yang berubah sesuai keinginan. 58
Erosion;Erosion;Proses pemindahan dan pengangkutan tanah dan batuan dengan pelapukan, terjadi akibat terbawa dari sungai, gletser, gelombang, angin dan air bawah tanah.
EU Allowance;EU Allowance;Unit Tunjangan Eropa dikeluarkan untuk instalasi yang memiliki paket emisi di bawah Skema Perdagangan Emisi Uni Eropa (EU ETS). Instalasi harus dilaksanakan dan diserahkan pada tujangan Uni Eropa dan / atau kredit proyek karbon yang berbasis sama dengan emisi karbon dioksida yang dipantau oleh ETS tanggal rekonsiliasi tahunan Uni Eropa. Tunjangan Uni Eropa juga merupakan unit utama yang akan diperdagangkan dalam ETS Uni Eropa. Satu tunjangan EU = 1 t CO2e.
European Union Emissions Trading Scheme;EU ETS;ETS Uni Eropa adalah sistem paket dan transaksi yang memungkinkan peserta dari negara-negara yang memenuhi syarat untuk perdagangan Tunjangan Uni Eropa. ETS Uni Eropa berjalan selama delapan tahun, dari 2005 sampai 2007, dan 2008 menjadi 2012 untuk menyesuaikan Periode Komitmen Kyoto pertama.
Eutrophication;Eutrophication;Proses di mana badan air (sering dangkal) berubah menjadi (baik secara alami atau dengan polusi) kaya akan nutrisi terlarut, dengan kekurangan musiman akan kondisi oksigen terlarut.
Evaporation;Evaporation;Proses transisi dari cair ke gas.
Evapotranspiration;Evapotranspiration;Proses gabungan penguapan dari permukaan bumi dan transpirasi dari tumbuh-tumbuhan.
Evidence;Bukti bukti;Informasi atau tanda-tanda yang menunjukkan apakah suatu keyakinan atau proposisi adalah benar atau valid.
Executive Board;Executive Board;Dapat dilihat pada CDM Executive Board. 59
External forcing;External forcing;Pengaruh eksternal mengacu pada sesuatu yang mempengaruhi sistem iklim sehingga menyebabkan perubahan dalam sistem iklim. Seperti letusan vulkanik, variasi matahari dan perubahan antropogenik dikomposisi atmosfer dan perubahan penggunaan lahan yang bersifat sebagai pendorong ekstrenal.
Externalities;Externalities;Terjadi jika perubahan dalam produksi atau konsumsi satu individu atau perusahaan tidak langsung mempengaruhi kesejahteraan individu lain atau perusahaan. Eksternalitas dapat positif atau negatif. Keadaan itu adalah dampak polusi terhadap ekosistem, pencemaran air atau kualitas udara merupakan kasus klasik eksternalitas negatif.
Externality / External cost / External benefit;Externality / External cost / External benefit;Eksternalitas timbul dari kegiatan manusia, ketika suatu lembaga atau badan yang bertanggung jawab untuk kegiatan tersebut tidak memperhitungkan dampak kegiatan terhadap orang lain dan kemungkinan ada konsumsi produksi, dan sementara dapat pula tidak ada kompensasi untuk dampak tersebut. Ketika dampak negatif, sehingga muncul biaya eksternal. Ketika nilainya positif mereka disebut sebagai manfaat eksternal.
Extinction;Extinction;Hilangnya suatu spesies secara keseluruhan global.
Extirpation;Extirpation;"Hilangnya satu spesies dari bagian dari rangkaian; kepunahan lokal."
Extratropical cyclone;Extratropical cyclone;Setiap skala badai siklon yang bukan merupakan siklon tropis. Biasanya mengacu pada sebuah sistem menengah atau lintang tinggi badai migrasi dibentuk di daerah dengan variasi suhu horisontal yang tinggi. Kadang-kadang disebut badai ekstratropis atau ekstratropis rendah.
Extreme coastal high water;also referred to as extreme sea level;Kenaikan muka air yang tinggi dipesisir tergantung pada 60 permukaan laut rata-rata, pasang surut, dan sistem cuaca regional. Peristiwa kenaikan air ekstrim di pesisir biasanya didefinisikan dalam istilah persentil yang lebih tinggi (misalnya, 90 sampai 99.9th) dari distribusi nilai per jam dari permukaan laut yang diamati di stasiun untuk jangka waktu referensi yang diberikan.
Extreme weather event;Extreme weather event;Suatu kejadian cuaca ekstrim adalah suatu peristiwa cuaca yang jarang terjadi di tempat tertentu dan waktu atau tahun tertentu. Banyak definisi dan sangat bervariasi, tetapi peristiwa cuaca ekstrim biasanya akan jarang sebagai kemungkinan yang diamati dari persentil ke-10 atau ke-90 pada kepadatan fungsi. Dengan ketentuan tersebut, karakteristik apa yang disebut cuaca ekstrim dapat bervariasi dari tempat ke tempat secara mutlak. Kejadian ekstrem tunggal tidak bisa dengan sederhana dan langsung dikaitkan dengan perubahan iklim antropogenik, karena selalu ada kesempatan yang mungkin terjadi atau muncul secara alami. Ketika pola cuaca ekstrim berlangsung selama beberapa waktu, seperti musim, mungkin digolongkan sebagai peristiwa iklim ekstrim, terutama jika ia menghasilkan rata-rata atau total yang ekstrim itu sendiri (misalnya, kekeringan atau total curah hujan yang berlebih atau berkurang secara drastis selama musim berlangsung). 61
Faculae;Faculae;Salah satu fenomena yang terjadi di matahari yang menjadikan matahari lebih terang cahayanya karena adanya lidah di matahari. Area yang dicakup oleh faculae adalah lebih besar selama periode aktivitas matahari tinggi.
Feed-in tariff;Feed-in tariff;Harga per unit listrik yang diterapkan oleh pemasok utilitas atau daya memiliki untuk membayar listrik terbarukan yang didistribusikan atau dimasukkan ke dalam grid dengan generator non-utilitas. Disini diberlakukan adanya suatu otoritas yang mengatur tarif publik.
Famine;Famine;Kelangkaan makanan selama jangka waktu yang lama dan di wilayah geografis yang besar, seperti suatu negara. Kelaparan bukan hanya dapat dipicu oleh kejadian iklim ekstrim seperti kekeringan atau banjir, tetapi juga dapat disebabkan oleh penyakit, perang, atau faktor lainnya.
Financial Additionality;Financial Additionality;Penambahan dana diberikan jika proyek meminta dana tambahan, dana ini bukan merupakan mengalihkan dana yang sudah plotkan untuk negara tuan rumah yang masuk dalam bentuk Bantuan Pembangunan.
Fingerprint;Fingerprint;Tanggapan pola iklim dalam ruang dan/atau waktu ke hal yang spesifik seperti pengaruh kenaikan temperature sering disebut sebagai jejak sidikjari (finger print). Sidik jari digunakan untuk mendeteksi keberadaan tanggapan ini dalam pengamatan dan biasanya diestimasi dengan menggunakan simulasi pengaruh model iklim.
Flaring;Flaring;Ruang pembuka untuk pembakaran udara dari limbah gas dan 63 cairan keras, melalui cerobong asap, di sumur minyak atau rig, di kilang atau pabrik kimia dan pada tempat pembuangan sampah.
Flexible mechanisms;Flexible mechanisms;Hal ini mengacu pada mekanisme CDM dan JI, serta International Trading Emisi digambarkan dengan operasionalisasi Log Transaksi Internasional.
Flood;Flood;Peluapan air dari batas-batas normal di wilayah sungai atau badan air lainnya, atau akumulasi air di daerah yang biasanya tidak terendam. Banjir meliputi banjir sungai (fluvial), banjir bandang, banjir perkotaan, banjir yang berhubung dengan hujan, banjir selokan, banjir pesisir, dan banjir ledakan danau glasial.
Flux adjustment;Flux adjustment;Untuk menghindari masalah yang ditambahkan pada pengoperasian Model Sirkulasi Global Atmosphere-Samudra (Atmosphere Ocean Global Circulation Model AOGCM) ke dalam beberapa wilayah realita iklim, istilah penyesuaian aliran (flux adjustment) menekankan akibat pengaruh angin di permukaan laut pada sirkulasi atmosfer-laut yang sebelum ini dikenakan pada model dan kondisi laut. Karena penyesuaian ini adalah dihitung sebelumnya dan oleh karena itu independen dari integrasi model laut dan atmosfer yang digabungkan, mereka berkorelasi dengan anomali yang berkembang selama integrasi. Saat ini banyak kesimpulan bahwa model yang digunakan dalam berbagai laporan tidak memakai penyesuaian aliran, dan bahwa secara umum, model seperti itu lebih sedikit digunakan.
Food chain;Food chain;Hubungan rantai makanan akan terbentuk jika beberapa spesies saling memakan satu sama lain.
Food security;Ketahanan Pangan;Situasi yang ada ketika orang memiliki akses yang cukup aman untuk jumlah makanan yang aman dan bergizi untuk kondisi normal, pengembangan pertumbuhandan hidup aktif dan sehat. Kerawanan pangan dapat disebabkan oleh tidak tersedianya makanan, penyediaan listrik yang tidak cukup, distribusi yang 64 tidak tepat, atau penggunaan makanan yang tidak memadai di tingkat rumah tangga.
Food web;rantai makanan;Jaringan hubungan trofik dalam suatu komunitas ekologi melibatkan beberapa rantai makanan yang saling berhubungan.
Forecast;peramalan;Perhitungan hasil projeksi iklim melalui pola fisika, teknologi, ekonomi, sosial, perilaku, dll.
Foreign Direct Investment;Foreign Direct Investment;Keuangan eksternal diinvestasikan pada perusahaanperusahaan di negara tuan rumah
Forest;Hutan;Jenis vegetasi yang didominasi oleh pepohonan. Banyak definisi hutan yang digunakan di seluruh dunia, berbagai perbedaan diklasifikasikan dengan kondisi biogeofisik, struktur sosial dan ekonomi. Untuk diskusi tentang hutan dan istilah terkait seperti aforestasi, reforestasi dan deforestasi melihat Laporan Lahan, Perubahan Tata Guna Lahan dan Kehutanan oleh IPCC (IPCC, 2000). Lihat juga Laporan Definisi dan Pilihan metodologi untuk Inventarisasi Emisi dari pengaruh manusia yang diinduksi Degradasi Hutan dan Devegetation Jenis-jenis vegetasi lain (IPCC, 2003).
Forest limit/line;Forest limit/line;Batas elevasi atau garis lintang atas di luar regenerasi pohon yang alami tidak dapat berkembang menjadi tegakan hutan tertutup. Hal ini biasanya pada elevasi yang lebih rendah atau lebih jauh dari kutub dari garis pohon.
Fossil fuels;Fossil fuels;Bahan bakar berbasis karbon dari cadangan hidrokarbon fosil, termasuk batubara, gambut, minyak dan gas alam.
Fossil fuel emissions;Fossil fuel emissions;Emisi gas rumah kaca (khususnya karbon dioksida) yang 65 dihasilkan dari pembakaran bahan bakar dari cadangan fosil karbon seperti minyak, gas dan batubara.
Freshwater lens;Freshwater lens;Sebuah air tanah segar yang tersimpan di bawah dasar sebuah pulau samudera. Kondisi ini tidak dipengaruhi oleh air garam.
Free Rider;Free Rider;Salah satu kondisi yang menguntungkan dari kepentingan umum tanpa memberikan kontribusi kepada para penciptaan atau pelestarian.
Free atmosphere;Free atmosphere;Lapisan atmosfer yang diabaikan terkena gesekan terhadap permukaan bumi, dan yang berada di atas batas lapisan atmosfer.
Frost Days;Hari Beku;Jumlah hari yang memiliki suhu minimum < 0 ° C dalam setahun
Frozen ground;Frozen ground;Tanah atau batuan yang sebagian atau seluruhnya terbentuk dari air poribeku (Van Everdingen, 1998). Tanah beku termasuk permafrost. Tanah yang membeku dan mencair setiap tahun disebut tanah bekuan musiman.
Fuel cell;Fuel cell;Sebuah sel bahan bakar yang menghasilkan listrik dengan cara langsung dan terus menerus dari elektrokimia reaksi terkontrol dari hidrogen atau bahan bakar lain dan oksigen. Dengan hidrogen sebagai bahan bakar itu hanya memancarkan air dan panas (tidak ada CO2) dan panasnya dapat dimanfaatkan
Fuel switching;Fuel switching;Secara umum, suatu bahan bakar A dapat menggantikan B. Dalam Perubahan Iklim bahan bakar yang diskusikan itu adalah implisit bahwa bahan bakar A memiliki kandungan karbon yang lebih rendah dari B bahan bakar, misalnya, gas alam dengan batu bara.
Full-cost pricing;Full-cost pricing;Menetapkan harga akhir barang dan jasa yang mencakup biaya 66 input dan biaya eksternal yang telah dipergunakan hingga akhir produksi.
Functional extinction;Functional extinction;Istilah ini mendefinisikan spesies yang telah kehilangan kapasitasnya untuk bertahan dan untuk memulihkan kondisinya karena populasi nya menurun hingga di bawah jumlah ukuran minimum.
Fungibility;Fungibility;Merupakan konsep kesetaraan dari berbagai tipe pengurangan kredit dibawah mekasnismenya masing-masing. Suatu keadaan alami dalam suatu jumlah tertantu digantikan dengan kewajiban pengurangan emisi dalam besaran tertentu yang dapat dianggap setara. Minyak, gandum dan kayu merupakan komoditas yang dapat disetarakan. 67
General circulation;General circulation;Gerakan atmosfer dan laut skala besar sebagai konsekuensi dari perbedaan pemanasan akibat rotasi Bumi, yang cenderung untuk mengembalikan sistem keseimbangan energi melalui transportasi panas dan momentum.
Generalist;Generalist;Sebuah spesies yang memiliki toleransi terhadap berbagai kondisi lingkungan.
General equilibrium analysis;General equilibrium analysis;Analisis ekuilibrium umum menganggap secara serentak seluruh pasar dan efek umpan balik antara pasar-pasar dalam suatu perekonomianyang mengarah ke pasar global.
Geoid;Geoid;"Permukaan ekuipotensial (yaitu, memiliki potensial gravitasi yang sama pada setiap titik) yang paling tetap di permukaan laut, dengan asumsi dengan tidak adanya pasang surut astronomis; sirkulasi laut; hidrologi, efek krysopherik dan atmosfer; variasi rotasi Bumi dan gerak kutub; angguk kepala dan presesi; tektonik dan efek lain seperti post-glacial rebound. Geoid adalah bersifat global dan membentang di atas benua, lautan dan lapisan es, dan hal ini mencakup efek dari arus tetap (efek gravitasi nol dari Matahari dan Bulan). Ini adalah permukaan acuan untuk pengamatan astronomi, geodesi leveling, dan untuk laut, hidrologi, glaciological dan pemodelan iklim. Pada prakteknya terdapat berbagai definisi dari operasional geoid, tergantung pada efek cara variable waktu yang disebutkan di atas dimodelkan."
Geo-engineering;Geo-engineering;Teknologi upaya untuk menstabilkan sistem iklim dengan langsung mengintervensi dalam keseimbangan energi bumi untuk mengurangi pemanasan global. 69
Geostrophic winds or currents;Geostrophic winds or currents;Sebuah angin atau arus yang seimbang dengan gradien tekanan mendatar dan gaya Coriolis, dan dengan demikian berada di luar pengaruh dari gesekan. Dengan demikian, angin atau saat ini langsung paralel untuk isobar (permukaan dengan tekanan atmosfer yang sama) dan kecepatannya berbanding terbalik dengan jarak dari kontur isobarik.
Glacial lake outburst flood;GLOF;Banjir terkait dengan ledakan danau glasial. Banjir ledakan danau glacial biasanya diakibatkan dari perkembangan kumulatif dan terjadi (i) hanya sekali (misalnya, pelanggaran kegagalan penuh moraine-dibendung danau), (ii) untuk pertama kalinya (misalnya, formasi baru dan ledakan danau glasial), dan / atau (iii) berulang kali (misalnya, es dibendung danau dengan siklus drainase, atau jatuh es).
Glacier;Glacier;Glatser adalah massa es tanah yang alirannya menurun oleh gravitasinya (melalui deformasi internal dan / atau meluncur di dasar) dan dibatasi oleh stres internal dan gesekan di dasar dan samping. Sebuah gletser akan dikelola oleh akumulasi salju pada ketinggian yang tinggi, seimbang dengan pencairan di dataran rendah atau saluaran pembuangan ke laut.
Global Climate Model;Model Iklim Global;Dapat dilihat pada climate model
Global dimming;Global dimming;Global dimming mengacu pada pengurangan radiasi matahari secara luas yang diterima dan dirasakan di dirasakan permukaan Bumi dari sekitar tahun 1961 sampai sekitar tahun 1990.
Global Environmental Facility;GEF;Global Environment Facility (GEF), didirikan pada tahun 1991, membantu mengembangkan dana proyek negara dan program yang melindungi lingkungan global. Dukungan proyek GEF terkait dengan hibah keanekaragaman hayati, perubahan iklim, perairan internasional, degradasi tanah, lapisan ozon, dan polutan organik yang persisten. 70
Global surface temperature;Suhu permukaan Global;Suhu permukaan global adalah perkiraan suhu permukaan ratarata udara global. Namun, untuk perubahan dari waktu ke waktu, anomali saja sudah cukup representatif, karena bermula dari klimatologi, paling sering dipergunakan didasarkan pada ratarata anomali suhu permukaan rata-rata wilayah, anomali suhu permukaan laut, dan anomali permukaan suhu tanah.
Global warming;Pemanasan Global;Pemanasan global yang mengacu pada peningkatan pemanasan secara bertahap, suhu permukaan global yang diamati atau diproyeksikan, sebagai salah satu konsekuensi dari pengaruh peningkatan radiasi yang disebabkan oleh emisi antropogenik. Pemanasan global adalah kenaikan suhu rata-rata udara di dekat permukaan bumi dan lautan sejak pertengahan abad ke-19 dan diproyeksikan akan terus berlangsung. Menurut Laporan Kajian ke-Empat dari IPCC tahun 2007, suhu permukaan global meningkat sebesar 0.74 ± 0.32 0C (1.33 ± 0.32 0F) selama abad ke-20. Mayoritas kenaikan suhu yang diamati sejak pertengahan abad ke-20 disebabkan oleh peningkatan konsentrasi gas rumah kaca (GRK), yang disebabkan oleh aktivitas manusia seperti pembakaran bahan bakar fosil dan pengurangan lahan hutan. Pemanasan global yang disebabkan oleh manusia adalah hasil dari perubahan jumlah dan konsentrasi gas rumah kaca di atmosfer dan juga karena menurunnya daya serap GRK yang sudah terdapat di atmosfir. Pada kedua kasus tersebut peristiwa pemanasan global dapat dimitigasi (dikurangi) dengan mengurangi konsentrasi GRK di atmosfer atau dengan menambah daya serap GRK di atmosfir.
Global Warming Potential (GWP);Potensi Pemanasan Global;Sebuah indeks atau nilai, berdasarkan sifat-sifat radiasi baikcampuran gas rumah kaca, yang mengukur pengaruh peningkatan radiasi dari satu satuan massa rumah kaca tercampur jika diberikan gas di atmosfer masa kini terpadu selama waktu yang dipilih di udara, relatif terhadap karbon dioksida. GWP tersebut merupakan efek gabungan dari gas-gas yang berbeda, keadaan ini tetap berada di kondisi dan efektivitas relatif mereka dalam menyerap keluar inframerah termal radiasi. Protokol Kyoto didasarkan pada GWP dari emisi yang dipancarkan selama jangka waktu 100-tahun.
Globalisation;Globalisasi;Tumbuhnya integrasi dan saling ketergantungan negara-negara di seluruh dunia melalui peningkatan volume dan ragam lintas batas transaksi barang dan jasa, bebas arus modal internasional, difusi teknologi, informasi dan budaya lebih cepat dan luas.
Governance;Tata Pemarintahan;Sistem pemerintahan dipahami telah berubah dalam menanggapi bidang sosial, ekonomi dan perubahan teknologi selama beberapa dekade terakhir. Ada pergeseran yang sesuai dari pemerintah didefinisikan secara ketat oleh negara atau bangsa lainya untuk konsep pemerintahan yang lebih inklusif pemerintahan, mengakui kontribusi dari berbagai tingkat pemerintahan (global, internasional, regional, lokal) dan peran sektor swasta nonpemerintah dan aktor masyarakat sipil.
Green accounting;Green accounting;Upaya untuk mengintegrasikan ke dalam satu set studi makro ekonomi yang lebih luas termasuk langkah-langkah kesejahteraan sosial, meliputi misalnya, aspek sosial, lingkungan, dan aspek berorientasi pengembangan kebijakan. Penilaian Akuntansi hijau meliputi baik moneter yang mencoba untuk menghitung ' produk nasional hijau dengan kerusakan ekonomi oleh polusi dikurangi dari produk nasional, dan sistem akuntansi yang mencakup kuantitatif non-moneter polusi, penipisan ozon dan data lainnya.
Greenhouse effect;Efek rumah kaca;Gas rumah kaca yang efektif menyerap panas radiasi inframerah, yang dipancarkan oleh permukaan bumi, oleh atmosfer itu sendiri karena gas-gas yang sama, dan juga oleh awan. Radiasi dipancarkan oleh atmosfer kepada semua pihak, termasuk ke bawah menuju permukaan bumi. Dengan demikian, gas rumah kaca memperangkap panas dalam lapisan permukaan troposfer. Peristiwa ini disebut efek rumah kaca. Termal radiasi inframerah di troposfer digabungkan dengan kondisi suhu dari atmosfer pada ketinggian di mana radiasi itu dipancarkan. Dalam troposfer, suhu 72 umumnya menurun dengan menuurut ketinggian. Secara efektif, radiasi inframerah yang dipancarkan ke ruang angkasa berasal dari gas-gas rumah kaca sebuah ketinggian dengan suhu rata-rata -19°C, yang seimbang dengan radiasi surya netto yang masuk, sedangkan suhu pada permukaan bumi disimpan pada suhu yang jauh lebih tinggi dari rata-rata +14°C. Peningkatan konsentrasi gas rumah kaca mengarah ke peningkatan kapasitas inframerah atmosfer, dan oleh karena itu untuk sebuah radiasi yang efektif adalah radiasi yang ke ruang angkasa dari ketinggian yang lebih tinggi pada kondisi suhu rendah. Hal ini menyebabkan suatu pengaruh peningkatan radiasi yang mengarah ke peningkatan rumah efek kaca.
Greenhouse gas;GHG, Gas rumah kaca;Gas rumah kaca adalah gas konstituen dari atmosfer, baik berasal dari alam dan antropogenik (hasil aktivitas manusia), yang menyerap dan memancarkan radiasi pada panjang gelombang spesifik dalam spektrum radiasi inframerah termal yang dipancarkan oleh permukaan bumi, pada lapisan atmosfer itu sendiri, dan juga oleh awan. Gas-gas ini menyebabkan efek rumah kaca maksudnya energi yang diserap akan tetap berada di atmosfer dari yang semestinya dipancarkan ke luar angkasa. Uap air (H2O), karbon dioksida (CO2), nitrous oksida (N2O), metana (CH4) dan ozon (O3) adalah gas rumah kaca utama dalam atmosfer bumi. Selain itu, ada sejumlah sepenuhnya gas rumah kaca akibat ulah manusia yang ada di atmosfer, seperti halocarbons dan yang mengandung zat klorin dan bromin, hal ini sudah ditangani di bawah Protokol Montreal. Selain CO2, N2O dan CH4, Protokol Kyoto berhubungan dengan belerang, gas rumah kaca hexafluoride (SF6) hydrofluorocarbons (HFC) dan perfluorocarbons (PFC).
Greenhouse Gases Effect;efek gas rumah kaca;Dampak yan ditimbulkan gas rumah kaca ketika menahan radaiasi balik matahari yang dipancarkan bumi dalam bentuk panas sehingga memanaskan atmosfer bumi.
Gross Domestic Product;Gross Domestic Product;Produk Domestik Bruto (PDB) adalah nilai moneter dari semua barang dan jasa yang dihasilkan dalam suatu negara. 73
Gross National Product;Gross National Product;Produk Nasional Bruto (PNB) adalah nilai moneter semua barang dan jasa yang diproduksi dalam perekonomian suatu negara, termasuk pendapatan yang dihasilkan di luar negeri oleh penduduk yang bekerja diluar negeri tersebut, tetapi tanpa penghasilan dihasilkan oleh orang asing.
Gross Primary Production;GPP;Jumlah tetapan energi dari atmosfer yang dihasilkan melalui proses fotosintesis.
Gross World Product;Gross World Product;Sebuah agregasi dari Produk Domestik Bruto seluruh negaranegara untuk mendapatkan jumlah tersebut bagi dunia.
Group of 77 and China;G77/China;Berawal dari 77 negara, sekarang lebih dari 130, negara-negara berkembang yang bertindak sebagai sebuah blok negosiasi besar dalam proses UNFCCC. G77/China juga disebut sebagai negaranegara Non-Annex I dalam konteks UNFCCC.
Groundwater recharge;Pengisian Kembalu air tanah;Proses di mana air eksternal ditambahkan ke zona kejenuhan akuifer, baik langsung ke formasi atau tidak langsung dengan cara pembentukan yang lain.
Groyne;Groyne;Alow, suatu dermaga sempit, berbentuk biasanya sampai kira-kira tegak lurus terhadap garis pantai, yang dirancang untuk melindungi pantai dari erosi oleh arus, pasang surut atau gelombang, juga oleh pasir yang berfungsi sebagai perangkap untuk tujuan pengisian atau membuat pantai.
Ground ice;Es dalam Tanah;Sebuah istilah umum yang mengacu pada semua jenis es membeku yang terkandung di tanah atau tanah musiman beku dan tanah yang permanen beku (permafrost) (Van Everdingen, 1998).
Ground temperature;Ground temperature;Suhu tanah dekat permukaan (sering dalam terlebih dulu 10 cm). Hal ini sering disebut suhu tanah. 74
Grounding line/zone;Grounding line/zone;Persimpangan antara gletser atau lapisan es dan es rak, wilayah dimana es mulai mengambang.
Growing Season Length (Panjang Musim Tanam) Gyre;Growing Season Length (Panjang Musim Tanam) Gyre;Cekungan laut horisontal dengan pola sirkulasi dengan aliran lambat beredar di sekitar cekungan laut, ditutup dengan kuat dan sempit dengan batas (100-200 km lebar). Para gyres yang diketemukan di laut subtropis masing-masing berhubungan dengan tekanan tinggi di tengah gyres, yang gyres sub kutub berhubungan dengan tekanan rendah. 75
Habitat;Habitat;Tempat tinggal lokalitas atau alam dimana tanaman tertentu, hewan, atau terkait erat kehidupan dengan kelompok organisme.
Hadley Circulation;Hadley Circulation;Dikenal sebagai suatu sel tekanan udara akibat adanya pemanasan matahari dan sel tersebut bergerak mengkuti peredaran matahari, sel ini berada pada daerah lintang rendah mereda udara ke dalam anticyclones subtropis, kembali mengalir sebagai bagian dari angin pasat di dekat permukaan, dan dengan udara naik di dekat khatulistiwa disebut Zona Konvergensi lintas Tropika (Inter-Tropical Convergence Zona).
Hantavirus;Hantavirus;Sebuah virus dalam keluarga Bunyaviridae yang menyebabkan demam jenis hemoragik. Diperkirakan bahwa manusia tertular penyakit terutama dari tikus yang terinfeksi, baik melalui kontak langsung dengan hewan atau dengan menghirup atau menelan debu yang berisi partikel virus aerosolised dari air kencing kering dan sekresi lainnya.
Halocarbons;Halocarbons;Sebuah istilah kolektif untuk sekelompok halogenasi spesies o r g a n i k , t e r m a s u k c h l o r o f l u o r o c a r b o n s ( C F C ) , hydrochlorofluorocarbons (HCFC), hydrofluorocarbons (HFC), Halons, metil klorida, metil bromida, dll. Banyak halocarbons memiliki potensi besar dalam memicu terjadinya Pemanasan Global. Chlorine dan bromin yang mengandung halocarbons juga terlibat dalam penipisan lapisan ozon.
Hazard;Bahaya;Kemungkinan terjadinya peristiwa fisik alam atau induksi manusia-yang dapat menyebabkan hilangnya nyawa, cedera, atau dampak kesehatan lain, serta kerusakan dan kehilangan sumber daya properti, infrastruktur, mata pencaharian, penyediaan layanan, dan lingkungan. 77
Heat island;Pulau Panas;Wilayah perkotaan ditandai dengan suhu lingkungan lebih tinggi dibandingkan dengan daerah non-perkotaan sekitarnya atau wilayah sub-urban. Penyebabnya adalah lebih tinggi penyerapan energi matahari dengan bahan bangunan di perkotaan yang dibuat dari bahan seperti kaca, asbes, beton, aspal.
Heat wave (also referred to as extreme heat event);Gelombang Panas;Sebuah periode cuaca abnormal panas. Gelombang panas dan warm spells memiliki berbagai dan dalam beberapa kasus definisinya tumpang tindih.
Herbaceous;Herbaceous;Proses pembungaan, untukn jenis tanaman non-kayu.
Heterotrophic respiration;Heterotrophic respiration;Konversi bahan organik ke karbon dioksida oleh organisme lain dari tanaman.
Holocene;Holocene;Zaman geologi Holosen adalah yang terakhir dari dua Kuarter zaman, membentang dari sekitar 11,6 ka dengan dan termasuk abad saat ini.
Hot air;Udara Panas;Menurut ketentuan Protokol Kyoto 1997, target emisi nasional dalam Lampiran B yang dinyatakan relatif terhadap emisi pada tahun 1990. Untuk negara di bekas Uni Soviet dan Eropa Timur target ini telah terbukti lebih tinggi dari mereka saat ini dan diproyeksikan emisi untuk alasan yang tidak terkait dengan kegiatan perubahan iklim mitigasi. Rusia dan Ukraina, khususnya, diharapkan memiliki volume tunjangan besar emisi berlebihan selama periode 2008-2012 relatif terhadap emisi perkiraan mereka. Tunjangan ini kadang-kadang disebut karena sebagai udara panas, sementara mereka dapat diperdagangkan dengan mekanisme fleksibilitas Protokol Kyoto, dan yang mereka lakukan bukan hasil dari kegiatan mitigasi. 78
Human security;Human security;Jaminan kemanusiaan dapat dikatakan memiliki dua aspek utama. pertama, keamanan dari ancaman kronis seperti kelaparan, penyakit represi, dan. Dan kedua, perlindungan dari gangguan mendadak dan menyakitkan dalam pola kehidupan sehari-hari - baik di rumah, di pekerjaan, atau di masyarakat. Ancaman tersebut bisa ada di semua tingkat pendapatan nasional dan pembangunan.
Hybrid vehicle;Kendaraan Hibrid;Setiap kendaraan yang menggunakan dua sumber penggerak, terutama kendaraan yang menggabungkan mesin pembakaran internal dengan motor listrik
Hydrofluorocarbons;HFCs;Salah satu dari enam gas atau kelompok gas yang akan dikekang di bawah Protokol Kyoto. Mereka diproduksi secara komersial sebagai pengganti untuk chlorofluorocarbons. HFC sebagian besar digunakan dalam pendinginan dan manufaktur semikonduktor. Nilai potensi Pemanasan Global pada mereka berkisar dari 1.300 sampai 11.700.
Hydrosphere;Hidrosfir;Komponen dari sistem iklim yang terdiri permukaan zat cair dan air bawah tanah, seperti samudera, laut, sungai,segar air danau, air bawah tanah, dll.
Hydrographic events;Peristiwa Hidrografik;Peristiwa yang mengubah wilayah atau arus air di lautan, sungai atau danau.
Hydrological cycle;Siklus Hidrologi;Siklus di mana air menguap dari lautan dan permukaan tanah, dibawa melalui Bumi dalam sirkulasi atmosfer sebagai uap air, mengembun membentuk awan, presipitasi lagi sebagai hujan atau salju, yang dicegat oleh pohon-pohon dan vegetasi, menyediakan limpasan di daratan permukaan, infiltrat ke dalam tanah, mengisi air tanah, dan / atau pembuangan ke sungai dan mengalir keluar ke lautan, dan akhirnya menguap lagi dari lautan 79 atau permukaan tanah. Berbagai sistem yang terlibat dalam siklus hidrologi biasanya disebut sebagai sistem hidrologi.
Hydrological systems;Sistem Hidrologi;Sistem yang terlibat dalam gerakan, distribusi, dan kualitasair di seluruh Bumi, termasuk siklus hidrologi dan sumber daya air.
Hypolimnetic;Hypolimnetic;Mengacu pada bagian dari sebuah danau di bawah termoklin terdiri dari air yang stagnan dan suhu dasarnya seragam kecualiselama periode terbalik.
Hypoxic events;Hypoxic events;Peristiwa yang menyebabkan kekurangan oksigen.
Human system;Human system;Setiap sistem di mana organisasi manusia memainkan peran utama. Sering kali, tetapi tidak selalu, istilah ini identik dengan 'masyarakat' atau' system sosial misalnya sistem, pertanian, sistem politik, system teknologi, sistem ekonomi, semua adalah sistem manusia di arti diterapkan dalam AR4 tersebut. 80 81
Ice age;Jaman Es;Zaman es atau periode jangka panjang glasial ditandai dengan penurunan suhu iklim bumi sehingga pertumbuhan lapisan es dan gletser gunung kontinental (glaciation).
Ice cap;Gundukan Es;Sebuah es berbentuk kubah massa, biasanya meliputi area dataran tinggi, yang jauh lebih kecil luasnya dari lapisan es.
Ice core;Core Es;Sebuah silinder es dibor keluar dari gletser atau lapisan es.
Ice Days;Ice Days;Jumlah hari yang memiliki suhu masimum < 0oC dalam setahun
Ice sheet;lapisan Es;Massa es yang menutup lahan karena sebagian besar topografinya terdiri dari batuan dasar, sehingga bentuknya terutama ditentukan oleh dinamika (seperti aliran dari es karena deformasi internal dan atau slide pada dasarnya). Atau bentuk sebuah lapisan es keluar dari aliran es pusat dataran tinggi dengan rata-rata kemiringan permukaan yang kecil. Wilayah tersebut biasanya lereng lebih curam, dan es paling dibuang melalui aliran cepat sungai es atau gletser sungai biasanya sebagai outlet, dalam beberapa kasus dapat mengapung ke laut. Hanya ada tiga lapisan es besar di dunia saat ini, satu di Greenland dan dua di Antartika, Timur dan Lembar Es Antartika Barat, dibagi oleh Pegunungan Trans Antartika.
Ice shelf;Lapisan terluar Es;Lapisan es mengapung dengan ketebalan yang cukup melekat pada sebuah pantai (biasanya dari tingkat horisontal yang besar dengan tingkat atau permukaan landai), sering menutupi daratan di garis pantai lapisan es. Hampir semua hamparan es berada di Antartika, di mana sebagian es dibuang ke laut menjadi ice shelves.
Ice stream;Aliran Es;Aliran es dari es yang alur alirannya lebih cepat daripada lapisan es di sekitarnya. Hal ini dapat dianggap sebagai berkat alur gletser antara dinding lambat bergerak es bukan batuan.
Impacts;Dampak;Dampak (perubahan iklim). Dampak dari perubahan iklim terhadap sistem alam dan manusia. Tergantung pada pertimbangan adaptasi, seseorang dapat membedakan antara potensi dampak dan dampak sisa:
Impact assessment;Penilaian Dampak;Praktek mengidentifikasi dan mengevaluasi, dalam moneter dan / atau non-moneter istilah, dampak perubahan iklim terhadap alam dan sistem manusia.
Implementation (implementasi;Implementation (implementasi;Menggambarkan pelaksanaan tindakan yang diambil untuk memenuhi komitmen di bawah perjanjian dan mencakup fase hukum dan efektif. Legal pelaksanaan mengacu pada undangundang, peraturan, keputusan peradilan, termasuk tindakan lain seperti upaya untuk mengelola kemajuan, yang mana pemerintah mengambil menerjemahkan perjanjian internasional ke dalam negeri hukum dan kebijakan. Pelaksanaan yang efektif membutuhkan kebijakan dan program yang menyebabkan perubahan dalam perilaku dan keputusan kelompok sasaran. Kelompok sasaran kemudian mengambil langkah-langkah efektif dari mitigasi dan adaptasi.
Income elasticity (of demand);Kelenturan pendapatan;Ini adalah rasio persentase perubahan kuantitas permintaan barang atau jasa oleh perubahan persentase yang pendapatan. untuk sebagian barang dan jasa, permintaan naik ketika pendapatan tumbuh, membuat elastisitas pendapatan positif. Ketika elastisitas kurang dari satu, barang dan jasa disebut kebutuhan.
Independent Entity;Independent Entity;Merupakan badan yang memvalidasi pendekatan dasar dan 82 perhitungan untuk proyek JI. Badan independen diakreditasi oleh Komite Pengawas JI.
Indian Ocean Dipole;IOD;Skala besar interannual variabilitas suhu permukaan laut di Samudera Hindia. Pola ini terwujud melalui gradien zonal dari suhu permukaan laut tropis, yang pada satu tahap ekstrim di musim gugur boreal menunjukkan pendinginan Sumatera dan pemanasan lepas pantai Somalia di barat, dikombinasikan dengan anomali angin timuran sepanjang khatulistiwa.
Indirect aerosol effect;Pengaruh tidal langsung dari Aerosol;Aerosol dapat mengakibatkan radiasi tidak langsung yang mendorong sistem iklim melalui tindakan sebagai inti kondensasi awan atau memodifikasi sifat optik dan umur awan. Dua efek tidak langsung dibedakan:
Induced technological change;Perubahan teknologi Endogen;Perubahan teknologi induced berarti perubahan teknologi endogen tetapi menambahkan lebih lanjut perubahan yang disebabkan oleh kebijakan dan tindakan, seperti pajak karbon dalam memicu upaya litbang.
Industrial ecology;Ekologi Industri;Merupakan hubungan industri tertentu dengan lingkungannya. Itu sering mengacu pada perencanaan sadar proses industri untuk meminimalkan eksternalitas negatif (misalnya, dengan panas dan bahan bertahap).
Inertia;Inersia;Dalam konteks perubahan iklim mitigasi, inersia berhubungan dengan kesulitan perubahan yang dihasilkan dari kondisi yang sudah ada dalam masyarakat seperti fisik buatan manusia modal, modal alam dan sosial non-fisik modal, termasuk lembaga, peraturan dan norma-norma. Struktur yang ada biasanya akan mengunci dalam masyarakat, membuat perubahan menjadi lebih sulit.
Insolation;Insolation;Jumlah radiasi matahari yang mencapai bumi dengan lintang dan 83 oleh musim. Biasanya insolation mengacu pada radiasi tiba di bagian atas atmosfer. Kadang-kadang spesifik definisinya sebagai mengacu pada radiasi tiba di permukaan bumi.
Installation;Instalasi;Merupakan istilah yang digunakan untuk menggambarkan sebuah daerah yang memiliki suatu paket emisi karbon dioksida, sebagai bagian dari Skema Perdagangan Emisi Uni Eropa.
Insurance/reinsurance;Jaminan;Sebuah bagian dari instrumen keuangan untuk berbagi dan mentransfer risiko di antara bagian beresiko dari rumah tangga, bisnis, dan / atau pemerintah.
Interglacials;Interglacials;Periode hangat glasiasi antara dua zaman es. Interglasial sebelumnya, terukur sekitar 129-116 ribu tahun, adalah disebut sebagai interglasial terakhir (AMS, 2000).
Integrated assessment;Penilaian yang terintegrasi;Metode analisis yang menggabungkan hasil dan model dari fisika, biologi, ekonomi dan ilmu sosial, dan interaksi antara komponenkomponen tersebut dalam kerangka yang konsisten untuk mengevaluasi status dan konsekuensi dari perubahan lingkungan dan respon kebijakan untuk hal itu.
Intelligent controls;Konsep control Cerdas;Dalam buku ini, konsep 'kontrol cerdas' mengacu pada penerapan teknologi informasi dalam bangunan untuk mengontrol pemanas, ventilasi, AC, dan menggunakan secara efektif listrik. Hal ini membutuhkan pemantauan yang efektif parameter seperti suhu, konveksi, kelembaban, dll, dengan pengukuran kontrol yang tepat ('Metering pintar').
Interaction effect;efek dari interasi;Konsekuensi dari interaksi instrumen kebijakan perubahan-iklim yang ada dengan sistem pajak dalam negeri, termasuk biayameningkatkan interaksi pajak dan biaya mengurangi efek pendapatan daur ulang. Yang pertama mencerminkan dampak 84 bahwa kebijakan gas rumah kaca dapat memiliki pasar tenaga kerja dan modal melalui pengaruhnya terhadap nyata upah dan pengembalian riil untuk modal. Membatasi emisi GRK yang diijinkan, meningkatkan harga karbon dan sehingga biaya produksi dan harga output, sehingga mengurangi pengembalian riil untuk tenaga kerja dan modal. Dengan kebijakan yang meningkatkan pendapatan untuk karbon, pemerintah pajak dan izin dilelang, pendapatan dapat didaur ulang untuk mengurangi adanya pajak distortif.
Intergovernmental Organization;IGO;Merupakan organisasi pemerintah. Contohnya termasuk Bank Dunia, Organisasi Kerjasama Ekonomi dan Pembangunan (OECD), International Civil Aviation Organization (ICAO), Panel Antarpemerintah tentang Perubahan Iklim (IPCC), dan organisasi PBB dan regional lainnya. Konvensi Iklim memungkinkan akreditasi IGO ini untuk menghadiri sesi negosiasi.
Intergovernmental Panel on Climate Change;IPCC;Terdiri atas panel ahli yang dibentuk oleh gabungan badan-badan PBB, dan terdiri dari berbagai ilmu yang berhubungan dengan perubahan iklim, dan bertanggung jawab untuk memberi informasi dan basis ilmiah untuk UNFCCC.
Integrated Design Process (IDP) of buildings;Integrated Design Process (IDP) of buildings;Optimalisasi orientasi dan bentuk bangunan dan memberikan kinerja tinggi untuk meminimalkan beban pemanasan dan pendinginan. Teknik pasif untuk kontrol transfer panas ventilasi, dan akses siang hari untuk mengurangi beban energi lebih lanjut. Dengan ukuran dan terkontrol, sistem efisiensi mekanis yang mengatasi beban kiri-atas. IDP membutuhkan proses desain iteratif yang melibatkan semua stakeholder utama dalam membangun pengguna untuk pemasok peralatan, dan dapat mencapai penghematan hingga 30-75% dalam penggunaan energi di gedung-gedung baru dengan sedikit atau tanpa biaya tambahan investasi.
International Energy Agency;IEA;Didirikan pada tahun 1974, lembaga ini terkait dengan OECD. hal 85 ini memungkinkan Negara anggota OECD untuk mengambil langkah-langkah bersama untuk memenuhi pasokan minyak pada keadaan darurat, untuk berbagi informasi energi, untuk mengkoordinasikan kebijakan-kebijakan energi mereka, dan untuk bekerja sama dalam mengembangkan program penggunaan energi yang rasional.
Inter-Tropical Convergence Zone;ITCZ;Zona Konvergensi Inter-Tropis adalah sabuk zonal (barat timur) tekanan rendah khatulistiwa dekat garis khatulistiwa di mana angin pasat timur laut bertemu dengan angin pasat tenggara. Seperti angin berkumpul, udara lembab akan dipaksa mengalir ke atas, sehingga di sebuah sabuk presipitasi lebat (hujan lebat) terjadi. Sabuk ini akan bergerak musiman ke utara dan selatan.
Investasi Tambahan;Investasi Tambahan;Investasi tambahan ditunjukkan jika proyek tidak akan layak untuk dikomersialkan tanpa pendapatan proyek yang menghasilkan dalam hal kredit pengurangan emisi. Sementara pengusulan awal sebagai salah satu kriteria kelayakan proyek, ini tidak lagi suatu yang dibutuhkan.
Indigenous peoples;masyarakat adat;"Tidak ada definisi yang diterima secara internasional tentang masyarakat adat. Karakteristik umum sering diterapkan di bawah internasional hukum, dan oleh badan-badan PBB untuk membedakan masyarakat asli meliputi: tinggal di dalam atau keterikatan pada geografis berbeda habitat tradisional, wilayah leluhur, dan sumber daya alam mereka; pemeliharaan identitas budaya dan sosial, dan sosial, ekonomi, budaya dan politik lembaga terpisah dari masyarakat arus utama atau dominan dan budaya; keturunan dari kelompok masyarakat yang ada di daerah tertentu, paling sering sebelum negara-negara modern atau wilayah diciptakan dan perbatasan saat ini didefinisikan, dan identifikasi diri sebagai bagian dari adat budaya kelompok berbeda, dan keinginan untuk melestarikan budaya yang identitasnya yang khas."
Industrial revolution;Revolusi Indutri;Suatu periode pertumbuhan industri yang pesat dengan dan 86 konsekuensi sosial ekonomi luas, dimulai di Inggris pada paruh kedua dari abad ke-18 dan menyebar ke Eropa dan kemudian ke negara lain termasuk Amerika Serikat. Penemuan mesin uap sangat penting dalam memicu perkembangan ini. Revolusi industri menandai awal dari kenaikan kuat dalam pembakaran fosil fuel dan emisi dari, khususnya, fosil CO2. Dalam buku ini istilah 'pra-industri' dan industri merujuk, kurang lebih, untuk periode sebelum dan sesudah 1750.
Infectious disease;Penbyakit Menular;Setiap penyakit disebabkan oleh agen mikroba yang dapat ditularkan dari satu orang ke orang lain atau dari hewan ke manusia. Hal ini mungkin terjadi melalui kontak fisik langsung, dengan penanganan sebuah benda yang telah mengambil organisme infektif, melalui pembawa penyakit, melalui terkontaminasi air, atau oleh penyebaran tetesan yang terinfeksi batuk atau dihembuskan ke udara.
Infrastructure;Infrastruktur;Peralatan dasar, utilitas, usaha produktif, instalasi dan penting untuk operasi, pengembangan layanan dan pertumbuhan sebuah kota, kota atau bangsa.
Integrated assessment;Penilayan yang terintegrasi;Sebuah proses interdisipliner menggabungkan, menafsirkan dan mengkomunikasikan pengetahuan dari disiplin ilmu yang beragam sehingga semua aspek yang relevan dari masalah sosial yang kompleks dapat dievaluasi dan dipertimbangkan untuk kepentingan pengambilan keputusan.
Integrated water resources management;IWRM;Konsep yang berlaku untuk pengelolaan air yang terintegrasi, bagaimanapun, belum ditetapkan secara pasti. IWRM didasarkan pada empat prinsip-prinsip yang dirumuskan oleh Konferensi Internasional on Water dan Environment di Dublin, 1992: (1) air tawar adalah sumber daya terbatas dan rentan, penting untuk mempertahankan hidup, pembangunan dan lingkungan, (2) pengembangan air dan manajemen harus didasarkan pada pendekatan partisipatif, melibatkan pengguna, perencana dan 87 pembuat kebijakan di semua tingkatan, (3) perempuan memainkan peran sentral dalam penyediaan, pengelolaan dan pengamanan air, (4) air memiliki nilai ekonomi dalam penggunaan seluruh pemakai bersaing dan harus diakui sebagai benda ekonomi.
Installation;Instalasi;"Istilah ""Installation"" digunakan untuk menggambarkan daerah yang memiliki suatu paket emisi karbon dioksida, yang merupakan bagian dari perdagangan emisi eropa."
Invasive species and invasive alien species;IAS;Suatu species agresif yang memperluas jangkauan dan kepadatan penduduk ke dalam wilayah di mana tidak asli, seringkali melalui kompetisi atau hingga akhirnya mendominasi spesies asli.
Irrigation water-use efficiency;Irrigation water-use efficiency;Efisiensi irigasi penggunaan air adalah jumlah biomassa atau panen yang dihasilkan air per satuan irigasi diterapkan, biasanya sekitar 1 ton bahan kering per 100 mm air diterapkan.
Isohyet;Isohyet;Sebuah garis pada peta yang menghubungkan lokasi yang menerima jumlah curah hujan yang sama.
Isostatic or Isostasy;Isostatic or Isostasy;Isostasy mengacu pada cara di mana litosfer dan mantel bumi merespon visko-elastis terhadap perubahan permukaan beban. Ketika pemuatan dan litosfer / atau mantel diubah oleh perubahan dalam daratan es, massa laut, sedimentasi, erosi atau gunung bangunan, dengan penyesuaian vertikal hasil isostatic, untuk menyeimbangkan beban baru. 88
JI Supervisory Committee;JI Supervisory Committee;"Komite Pengawas JI, sebuah badan yang akan dibentuk setelah berlakunya Protokol Kyoto, akan mengawasi badan untuk proyek-proyek JI Jalur kedua. Ini akan memiliki peran yang sama dengan Dewan Eksekutif CDM untuk proyek CDM: validator akreditasi; persetujuan proyek, verifier akreditasi, dan mengawasi isu negara tuan rumah tentang ERU."
Joint attribution;Joint attribution;Melibatkan kedua atribusi dari perubahan yang diamati untuk perubahan iklim regional dan atribusi dari sebagian lain yang terukur baik perubahan iklim regional atau perubahan yang diamati terkait dalam sistem untuk penyebab antropogenik, di luar ketidak konsistenan alam. Proses ini melibatkan statistik yang menghubungkan perubahan iklim simulasi dari model iklim dengan respons yang diamati dalam alam atau sistem yang dikelola. Keyakinan dalam laporan atribusi bersama harus lebih kecil dari keyakinan baik dari masing masing individu atribusi kontributor saja karena kombinasi dua yang terpisah dari penilaian statistik.
Joint Implementation;JI;Sebuah pasar berbasis mekanisme implementasi yang didefinisikan dalam Pasal Protokol Kyoto, yang memungkinkan negara-negara Annex I atau perusahaan dari negara-negara untuk melaksanakan proyek bersama yang membatasi atau mengurangi emisi atau meningkatkan penyerapan, dan untuk berbagi Pengurangan Emisi Unit. JI aktivitas juga diizinkan dalam Pasal 4.(a) dari UNFCCC. Negara-negara industri dapat berkontribusi untuk pengurangan target emisi gas rumah kaca mereka dengan berinvestasi dalam proyek-proyek pengurangan emisi di negara industri lainnya (Annex-I) dan menerima kredit yang disebut Unit Pengurangan Emisi (ERU). Hal ini menguntungkan jika biaya mitigasi lebih rendah daripada untuk aksi nasional. Implementasi Bersama (JI) didefinisikan dalam Pasal 6 dari Protokol Kyoto. 89
Keystone species;Spasies Kunci;Spesies yang memiliki peran sentral mempengaruhi organisme pelayanan lainnya dan mempengaruhi kematian yang kemungkinan akan mengakibatkan hilangnya jumlah spesies dan menyebabkan perubahan besar dalam fungsi ekosistem.
Kyoto Mechanisms;also called Flexibility Mechanisms;Mekanisme ekonomi pasar berdasarkan prinsip bahwa pihak dalam Protokol Kyoto dapat menggunakan upaya untuk mengurangi potensi ekonomi dalam dampak persyaratan pengurangan emisi gas rumah kaca. Mereka termasuk Implementasi Bersama (Pasal 6), Mekanisme Pembangunan Bersih (Clean Development Mechanism CDM) (Pasal 12), dan Emisi perdagangan (Emission trading) (Pasal 17).
Kyoto Protocol;Kyoto Protocol;Protokol Kyoto untuk Konvensi Kerangka kerja PBB tentang Perubahan Iklim (UNFCCC) telah diadopsi pada tahun 1997 di Kyoto, Jepang, pada Sidang Ketiga Konferensi Para Pihak (COP) dari UNFCCC. Protokol ini berisi traktat atau komitmen yang mengikat secara hukum, selain yang termasuk dalam UNFCCC. Negara yang termasuk dalam Annex B dari Protokol (Organisasi negara Kerjasama Ekonomi dan Pembangunan dan negara dengan ekonomi dalam transisi) sepakat untuk mengurangi emisi gas rumah kaca antropogenik mereka (karbon dioksida, metana, asam nitrat, hidrofluorokarbon, perfluorokarbon, dan heksafluorida belerang) dengan minimal 5% di bawah tingkat tahun 1990 dalam periode komitmen 2008 sampai 2012. Protokol Kyoto mulai berlaku pada tanggal Februari 2005.
Kyoto Signatory;Kyoto Signatory;Negara Signatory merupakan negara yang menandatangani protocol Kyoto dan memiliki komitmen yang tinggi dalam pengurangan emisi. 91
Kyoto surprise;Kyoto surprise;"Istilah ini digunakan untuk menggambarkan proyek CDM di Estrada Oyuela, R. 1998. Pendekatan pertama dan pertanyaan yang tidak terjawab"" dalam Isu dan Pilihan: Mekanisme Pembangunan Bersih, ed. J. Goldemberg, UNDP, New York, hal 23. 92"
Landfill;TPA;TPA adalah situs pembuangan limbah padat di mana limbah diendapkan bawah, pada atau di atas permukaan tanah. Terbatas ke situs direkayasa dengan penutup bahan, penempatan terkontrol limbah dan pengelolaan cairan dan gas. Ini tidak termasuk pembuangan limbah yang tidak terkontrol.
Land-use;Penggunaan Lahan;Jumlah pengaturan, kegiatan dan input yang dilakukan dalam tertentu tanah penutup jenis (serangkaian tindakan manusia). Sosial dan tujuan ekonomi yang tanah dikelola (misalnya, merumput, kayu ekstraksi, dan konservasi). Perubahan penggunaan lahan terjadi ketika, misalnya, hutan dikonversi menjadi lahan pertanian atau perkotaan.
Land use and Land use change;Penggunaan Lahan atau Perubahan penggunaan lahan;Penggunaan lahan (land use) mengacu pada total pengaturan, kegiatan dan input yang dilakukan di tanah penutup jenis tertentu (serangkaian tindakan manusia). Istilah penggunaan lahan ini juga digunakan dalam arti tujuan sosial dan ekonomi yang mana tanah adalah sesuatu yang dikelola (misalnya, rumput, kayu ekstraksi dan konservasi). Penggunaan perubahan tanah (Land use change) mengacu pada perubahan dalam penggunaan atau pengelolaan lahan oleh manusia, yang dapat menyebabkan perubahan tutupan lahan. tutupan lahan dan perubahan penggunaan lahan dapat berdampak pada albedo permukaan, evapotranspirasi, sumber dan rosot dari gas rumah kaca, atau lainnya sifat dari sistem iklim dan dengan demikian mungkin memiliki dorongan radiasi dan / atau dampak lain terhadap iklim, secara lokal atau global. Lihat juga Laporan Lahan, Perubahan Tata Guna Lahan-Gunakan, dan Kehutanan IPCC (IPCC Report on Land, Land Use Change and Forestry) (IPCC, 2000).
Landslide;tanah longsor;"Sejumlah material yang telah longsor menurun oleh gravitasi, 93 sering dibantu oleh air padahal bahan yang jenuh; gerakan cepat dari massa tanah, batu atau puing-puing ke bawah lereng."
Large-scale singularities;Large-scale singularities;Perubahan secara tiba-tiba dan dramatis dalam keadaan kondisi tertentu, dalam menanggapi perubahan bertahap dalam daya dorong. Sebagai contoh, sebuah bertahap peningkatan konsentrasi gas rumah kaca di atmosfer dapat menyebabkan skala besar singularitas tersebut sebagai perlambatan atau penghilangan sirkulasi termohalin atau runtuhnya Lapisan es barat Antartika. Terjadinya, besarnya, dan besar waktu skala singularitas sulit diprediksi.
Leaching;Leaching;Penghapusan elemen tanah atau bahan kimia yang diterapkan oleh gerakan air melalui tanah.
Leaf area index;LAI;Rasio antara luas permukaan daun total tanaman dan luas tanah tertutup oleh daun-daunnya.
Leakage;Kebocoran;Kebocoran adalah efek tidak langsung dari kebijakan pengurangan emisi atau kegiatan yang mengarah pada peningkatan emisi di tempat lain (substitusi bahan bakar fosil misalnya mengarah ke penurunan harga BBM dan peningkatan penggunaan bahan bakar lain). Untuk perubahan penggunaan lahan dan kegiatan kehutanan, kebocoran dapat didefinisikan sebagai kerugian tak terduga dari pengurangan emisi karbon yangdiharapkan. Untuk CDM / JI proyek, kebocoran dapat dihasil dari keadaan yang tidak terduga, Dasar proyek yang tidak benar didefinisikan, ketidak layakan akan menentukan periode proyek atau batas proyek, dan desain proyek yang tidak pantas.
Learning by doing;Belajar dengan melakukan;Sebagai peneliti dan perusahaan yang memperoleh keuntungan dengan memproses teknologi baru, atau memperoleh pengalaman melalui produksi yang diperluas mereka dapat menemukan cara untuk memperbaiki proses dan mengurangi 94 biaya. Belajar dengan praktek langsung adalah jenis berbasis pengalaman perubahan teknologi.
Leapfrogging;Leapfrogging;Kemampuan negara-negara berkembang untuk memotong teknologi bersih menengah dan langsung lompat ke teknologi bersih canggih. Lompatan dapat memungkinkan negara berkembang untuk pindah ke jalur pembangunan rendah emisi.
Land surface air temperature (Temperatur permukaan udara;Land surface air temperature (Temperatur permukaan udara;Suhu udara di permukaan sebagaimana diukur dalam layar berventilasi atas tanah sebesar 1,5 m di atas tanah.
Lapse rate;Lapse rate;Laju perubahan dari variabel atmosfer, biasanya suhu, dengan ketinggian dari muka laut. Laju perubahan dianggap positif bila variabel berkurang dengan ketinggian.
Last Glacial Maximum;LGM;Maksimum Es Terakhir mengacu pada waktu lapisan es maksimal selama periode glaciation terakhir, atau sekitar 21 ribu tahun yang lampau. Periode ini telah banyak dipelajari karena radiasi pendorong dan kondisi batas relatif telah banyak diketahui dan karena pendinginan global selama periode tersebut sebanding dengan pemanasan diproyeksikan selama abad ke-21.
Latent heat flux;Flux Panas Laten;"Fluks atau aliran panas dari permukaan bumi ke atmosfir yang berhubungan dengan penguapan atau kondensasi uap air di permukaan; merupakan komponen dari neraca energi permukaan."
Legal Entity Trading;Legal Entity Trading;Negara-negara dapat memberikan wewenang perusahaan untuk mengambil bagian dalam perdagangan emisi internasional, jika perdagangan akan mematuhi aturan internasional. Ada ketentuan bahwa perdagangan tidak mungkin terjadi jika negara kuasa gagal memenuhi syarat kelayakan. 95
Legume;Legume;Tanaman yang memperbaiki nitrogen dari udara melalui hubungan simbiotik dengan bakteri di dalam tanah dan sistem akar (misalnya, kedelai, kacang polong, kacang-kacangan, lucerne, cengkeh).
Letter of Credit;Letter of Credit;Ini adalah kewajiban untuk membayar oleh pihak ketiga, sebagai jaminan dana yang dikonfirmasi. Sebuah Letter of Credit dapat digunakan untuk meningkatkan kelayakan kredit dari suatu entitas dengan tanpa peringkat kredit atau dengan peringkat kredit yang rendah.
Levelized cost price;Levelized cost price;Harga yang unik dari output dari sebuah proyek yang membuat ini nilai dari pendapatan (keuntungan) sama dengan nilai sekarang dari biaya selama masa proyek.
Level of Scientific Understanding;LOSU;Ini adalah indeks pada skala 5-langkah (tinggi, sedang, menengah-rendah, rendah dan sangat rendah) dirancang untuk menggambarkan tingkat pemahaman ilmiah dari agen dorongan radiasi yang mempengaruhi perubahan iklim. Untuk setiap agen, indeks merupakan penilaian subjektif tentang bukti mekanisme fisik / kimia yang menentukan daya dorong dan konsensus seputar perkiraan kuantitatif dan ketidakpastiannya.
Liability;Batas kemampuan;Terdapat batas jumlah maksimum dalam perdagangan emisi international, dimana setiap transfer tidak diperkenankan menurunkan komitmen penurunan karbon suatu Negara di bawah 90% dari semestinya,atau lima kali dari inventory terakhirnya, ditentukan dari keduanya berdasarkan nilai mana yang lebih rendah.
Lifetime;waktu hidup;Lifetime adalah istilah umum yang digunakan untuk karakterisasi berbagai skala waktu pada tingkat proses yang mempengaruhi konsentrasi gas penjejak atau GRK. Daya tahan hidup dapat 96 dibedakan sebagai berikut: Waktu perputaran (turnover time T) (juga disebut umur hidup global atmosfer) adalah rasio M massa reservoir (misalnya, suatu senyawa gas dalam atmosfer) dan tingkat total S yang penyerapan atau penghilangan dari reservoir: T = M / S. Untuk setiap proses penghilangan, perhitungan turnover terpisah dapat didefinisikan. Dalam biologi karbon tanah, hal ini disebut sebagai Mean Time Residence (waktu tinggal rerata). Waktu Penyesuaian (adjustment time) atau waktu respon (response time) (Ta) adalah skala waktu karakteristik peluruhan input aliran gas seketika ke dalam reservoir. Istilah Waktu penyesuaian ini juga digunakan untuk mengkarakterisasi penyesuaian dari massa reservoir mengikuti langkah perubahan dalam kekuatan sumber aliran. Waktu paruh (half-life) atau konstanta peluruhan digunakan untuk mengukur orde pertama proses peluruhan eksponensial. Lihat waktu respon untuk definisi yang berbeda berkaitan dengan variasi iklim. Istilah masa hidup kadang-kadang digunakan sebagai pengganti istilah waktu penyesuaian. Dalam kasus sederhana, di mana penghapusan global senyawa ini berbanding lurus dengan massa total reservoir, penyesuaian waktu sama dengan waktu pergantian: T = Ta. Contohnya adalah CFC-11, yang akan dihapus dari atmosfer hanya oleh proses fotokimia di stratosfir. Dalam kasus yang lebih rumit, dimana beberapa reservoir terlibat atau di mana proses penghilangan tersebut tidak sebanding dengan total massa, persamaan T = Ta tidak lagi berlaku. karbon dioksida (CO2) adalah contoh ekstrim. Waktu perputarannya hanya sekitar empat tahun karena pertukaran cepat antara atmosfer dan laut dan biota terestrial. Namun, sebagian besar CO2 yang kembali ke atmosfer adalah dalam beberapa tahun. Dengan demikian, waktu penyesuaian CO2 di atmosfer sebenarnya ditentukan oleh tingkat penghilangan karbon dari lapisan permukaan lautan ke lapisan laut yang lebih dalam. Meskipun nilai perkiraan dari 100 tahun mungkin diberikan untuk waktu penyesuaian CO2 di atmosfer, yang sebenarnya penyesuaian lebih cepat pada awalnya dan lebih lambat di kemudian hari. Dalam kasus metana (Ch4), waktu penyesuaian berbeda dari waktu perputaran karena laju penghilangan terutama melalui reaksi kimia dengan radikal 97 hidroksil OH, konsentrasi yang dengan sendirinya tergantung pada konsentrasi CH4. Oleh karena itu, CH4 laju penghilangan S sebenarnya tidak sebanding dengan massa total M.
Likelihood;Likelihood;"Kemungkinan hasil kejadian, hasil atau luaran, dimana hal ini dapat diperkirakan probalistik, dinyatakan dalam laporan IPCC menggunakan terminologi: Tertentu, atau kisaran dari, kejadian / hasil suatu yang tidak pasti acara memiliki sebuah probabilitas dikatakan > 99% Hampir pasti terjadi > 90% Sangat mungkin terjadi, > 66% < 90% Kemungkinan terjadi > 33-66% mungkin atau tidak mungkin terjadi < 33% Tidak mungkin terjadi <10% Sangat tidak mungkin terjadi <% 1 hampir pasti tidak terjadi Lihat juga Ketidakpastian; Keyakinan."
Limnology;Limnology;Studi tentang sungai, danau dan kawasan air tawar di daratan beserta biota mereka.
Linking Directive;Linking Directive;"The ""direksi penghubung"" adalah nama yang diberikan kepada direksi Uni Eropa yang memungkinkan perusahaan untuk menggunakan kredit CDM dan JI karbon untuk memenuhi target mereka di bawah Skema Perdagangan Emisi Uni Eropa. Secara formal, direksi penghubung bukanlah direksi dengan keputusannya sendiri, namun amandemen direksi ETS Uni Eropa."
Littoral zone;Littoral zone;"Sebuah wilayah pesisir; zona antara tanda air yang tinggi dan rendah."
Lithosphere;Lithosphere;Lapisan atas dari kulit permukaan bumi yang padat, kedua benua dan kelautan berada pada lapisan ini, yang terdiri dari semua batuan kerak dan dingin, terutama elastis pada bagian dari mantel 98 paling atas. Aktivitas gunung berapi, meskipun berada bagian litosfer, tidak dianggap sebagai bagian dari sistem iklim, tapi bertindak sebagai faktor dorongan eksternal. Lihat isostatic.
Little Ice Age;LIA;Interval antara sekitar AD 1400 dan 1900 saat suhu di belahan bumi utara adalah umumnya lebih dingin dari kondisi saat ini, terutama di Eropa.
Lock-in effect;Lock-in effect;Teknologi yang mencakup pangsa pasar besar terus digunakan karena faktor-faktor seperti biaya investasi hilang, infrastruktur terkait pengembangan, penggunaan teknologi yang saling melengkapi dan terkait sosial dan kebiasaan struktur kelembagaan dan.
Low-carbon technology;teknologi rendah karbon;Sebuah teknologi yang siklus hidupnya lebih menyebabkan berkurangnya jumlah konsentrasi dan emisi CO2 eq. daripada melakukan berbagai pilihan teknologi lainnya. 99 101
Malaria;Malaria;"Endemik atau wabah penyakit yang disebabkan oleh parasit spesies dari genus Plasmodium (Protozoa) dan ditularkan oleh nyamuk dari yang Anopheles genus; menghasilkan serangan demam tinggi dan sistemik gangguan, mempengaruhi sekitar 300 juta dan membunuh sekitar 2 juta orang di seluruh dunia setiap tahun."
Macroeconomic costs;Biaya makroekonomi;Biaya tersebut biasanya diukur sebagai perubahan dalam Domestik Bruto Produk atau perubahan dalam pertumbuhan Produk Domestik Bruto, atau sebagai kompensasi hilangnya kesejahteraan atau konsumsi.
Marginal Abatement Costs;Marginal Abatement Costs;Merupakan biaya investasi yang diperlukan untuk membawa penghematan emisi gas rumah kaca. Secara keseluruhan, biaya peredaan marjinal akan jauh lebih rendah di negara-negara berkembang dibandingkan di negara maju, karena negara mereka kurang teknologi canggih.
Marginal cost pricing;Marginal cost pricing;Penentuan harga barang dan jasa sehingga harganya sama dengan biaya tambahan yang timbul ketika produksi diperluas oleh satu unit. Teori ekonomi menunjukkan bahwa cara memaksimalkan harga kesejahteraan sosial dalam ekonomi adalah cara terbaik pertama.
Market barriers;Hambatan pasar;Dalam konteks mitigasi perubahan iklim, hambatan pasar adalah kondisi yang mencegah atau menghambat difusi efektif biaya teknologi atau praktek yang akan mengurangi emisi GRK.
Market-based regulation;Pasar menurut regulasi;Peraturan pendekatan menggunakan mekanisme harga (misalnya, pajak dan izin lelang yang dapat diperdagangkan), di antara instrumen lainnya, untuk mengurangi emisi GRK.
Market distortions and imperfections;distorsi dan kesempurnaan pasar;Dalam prakteknya, pasar akan selalu menunjukkan distorsi dan ketidaksempurnaan seperti kurangnya informasi, sinyal harga terdistorsi, kurangnya kompetisi, dan/atau kegagalan kelembagaan yang berkaitan dengan peraturan, tidak memadai delineasi hak milik, distorsi-merangsang fiskal sistem, dan pasar keuangan yang terbatas
Market equilibrium;Market equilibrium;"Titik di mana permintaan barang dan jasa sama dengan pasokan; sering dijelaskan dalam hal tingkat harga, ditentukan dalam kompetitif pasar, 'kliring' pasar."
Market Exchange Rate;MER;Ini adalah tingkat di mana mata uang asing dipertukarkan. Paling ekonomis adalah memposting tarif tersebut setiap hari dan mereka akan bervariasi sedikit di seluruh bursa. Untuk beberapa suku bunga resmi negara berkembang dan pasar gelap tarif mungkin berbeda secara signifikan dan MER sulit untuk mencapai nilai bawah.
Market impacts;Dampak Pasar;Dampak yang dapat dikuantifikasi dalam hal moneter, dan langsung mempengaruhi Produk Domestik Bruto misalnya, perubahan dalam harga input pertanian dan / atau barang.
Market potential;Potensi Pasar;Potensi Pasar menunjukkan jumlah mitigasi gas rumah kaca yang mungkin diharapkan terjadi dalam kondisi pasar perkiraan termasuk kebijakan dan tindakan di tempat pada saat itu .. Hal ini didasarkan biaya unit swasta dan diskon tarif, seperti yang muncul dalam tahun dasar dan saat mereka dapat saja berubah bila tidak ada setiap tambahan kebijakan dan tindakan.
Mass balance;of glaciers, ice caps or ice sheets;"Keseimbangan antara aliran input massa ke badan es (secara akumulasi) dan massa kehilangan dari badan es (ablasi, calving gunung es). Permasalahan massa keseimbangan termasuk hal berikut: Massa jenis keseimbangan: massa rugi bersih atau 102 kelebihan selama siklus hidrologi pada suatu titik di permukaan gletser. Massa total timbangan (gletser): sisa massa jenis spasial terintegrasi atas wilayah seluruh gletser; total penambahan massa gletser atau kehilangan selama siklus hidrologi. Keseimbangan berarti massa jenis: sisa total massa per satuan luas dari gletser. Jika permukaan yang ditentukan (permukaan neraca massa tertentu, dll) maka kontribusi aliran es tidak dianggap, jika tidak, massa keseimbangan termasuk juga kontribusi dari aliran es dan calving gunung es. Sisa permukaan spesifik massa adalah positif dalam daerah akumulasi dan negatif di daerah ablasi."
Material efficiency options;Material efficiency options;Disini diartikan sebagai pilihan untuk mengurangi emisi gas rumah kaca dengan mengurangi volume bahan yang dibutuhkan untuk suatu produk atau jasa tertentu
Max 1-Day Precipitation Amount;Max 1-Day Precipitation Amount;Curah hujan maksimum bulanan dalam 1 hari.
Max 5-Day Precipitation Amount;Max 5-Day Precipitation Amount;Curah hujan maksimum bulanan dalam 5 hari berturut-turut.
Max Tmax;Max Tmax;Nilai maksimum bulanan dari suhu maksimum harian.
Max Tmin;Max Tmin;Nilai maksimum bulanan dari suhu minimum harian.
Maximum Crediting Time;Maximum Crediting Time;Waktu kredit maksimum adalah periode maksimum di mana kredit dapat diberikan untuk proyek tertentu.
Measures;tindakan;Adalah merupakan aktivitas atau tindakan teknologi, proses, dan praktik yang mengurangi Emisi GRK atau efek tingkat bawah (publik umumnya) untuk antisipasi masa depan. Contoh tindakan adalah teknologi energi terbarukan, minimisasi proses sampah dan praktik transportasi umum Komuter, dll. 103
Meeting of the Parties;MOP;MOP mengacu pada Pertemuan dari Para anggota mengenai Protokol, yang merupakan konferensi tahunan antara negaranegara yang merupakan anggota dalam Protokol Kyoto.
Medieval Warm Period;MWP;Interval antara tahun 1000 dan 1300 pada beberapa daerah yang belahan bumi utara yang lebih hangat daripada selama perioda Little Ice Age yang setelahnya.
Meeting of the Parties (to the Kyoto Protocol);MOP;Konferensi Para Pihak (Conference of Parties COP) UNFCCC berfungsi sebagai Pertemuan utama Para Pihak (Meeting of Parties MOP), badan tertinggi konvensi Kyoto Protokol, dan bertemu setahun sekali. Hanya pihak pada Protokol Kyoto dapat berpartisipasi dalam pembahasan dan membuat keputusan.
Meningitis;Meningitis;Sebuah jenis peradangan pada meninges (bagian dari tudung dari otak), biasanya disebabkan oleh bakteri, virus atau jamur.
Meridional Overturning Circulation;MOC;Merupakan sirkulasi jungkir balik utara selatan (meridional) di laut dihitung secara akumulasi zonal (timur-barat) jumlah angkutan massa air di lapisan kedalaman atau kepadatan. Sirkulasi jungkir balik ini terjadi di Atlantik Utara, jauh dari daerah subkutub, MOC (yang pada prinsipnya kuantitas diamati) seringkali diidentifikasi dengan sirkulasi termohalin (THC), yang lebih merupakan interpretasi konseptual. Namun, harus diingat bahwa MOC dapat juga termasuk sel sirkulasi laut dangkal, yang digerakkan oleh angin seperti terjadi pada lapisan atas laut di daerah tropis dan subtropis, di mana hangat (cahaya) perairan bergerak menuju arah kutub diubah untuk sedikit lebih padat perairan dan equatorward subduksi pada tingkat yang lebih dalam.
Metadata;Metadata;Informasi tentang data meteorologi dan klimatologi mengenai bagaimana dan kapan mereka diukur, bagaimana kualitas mereka, masalah dan karakteristik ditemui dan hal lainnya yang berhubungan dengan masalah pengukuran. 104
Methane;CH4 metana;Metana adalah salah satu dari enam gas rumah kaca yang hendak dikurangi di bawah Protokol Kyoto. Ini adalah komponen utama gas alam dan terkait dengan semua bahan bakar hidrokarbon, peternakan dan pertanian. Coal-bed methane adalah gas yang ditemukan di lapisan batubara.
Methane recovery;Methane recovery;Emisi metan (Ch4), misalnya dari sumur minyak atau gas, lahan tidur batubara, rawa gambut, jaringan pipa transmisi gas, pembuangan sampah, atau digester anaerobik, di daya gunakan dengan ditangkap dan digunakan sebagai bahan bakar atau untuk tujuan ekonomi lainnya (misalnya, bahan baku kimia).
Methodology;Methodology;CDM dan Proyek JI harus mengikuti metodologi yang telah disetujui dalam pengaturan dasar-dasar, pemantau, dan proses verifikasi. Daftar metodologi-metodologi yang telah disetujui berkembang secara berkelanjutan, dan tambahan-tambahan proyek dapat mendaftarkan metode-metode barunya untuk mendapat persetujuan (dalam konteks sebuah proyek yang sedang dilakukan ) kepada CDM EB.
Metric;Metric;Sebuah pengukuran yang konsisten dari karakteristik dari sebuah objek atau kegiatan yang dinyatakan sulit untuk diukur.
Microclimate;Microclimate;Merupakan iklim lokal pada atau dekat permukaan bumi.
Millennium Development Goals;MDGs;Daftar sepuluh tujuan pembangunan, termasuk memberantas kemiskinan dan kelaparan ekstrim, meningkatkan kesehatan ibu, dan memastikan lingkungan keberlanjutan, yang diadopsi pada tahun 2000 oleh Majelis Umum PBB, yakni, 191 negara, dengan tujuan untuk dicapai pada tahun 2015. MDGs menyatakan komitmen masyarakat internasional untuk visi pembangunan diperluas, dan telah umum diterima sebagai kerangka kerja untuk mengukur kemajuan pembangunan. 105
Min Tmax;Min Tmax;Nilai minimum bulanan dari suhu maksimum harian.
Min Tmin;Min Tmin;Nilai minimum bulanan dari suhu minimum harian.
Mires;Mires;Upaya pengumpulan gambut lahan basah
Mitigation;mitigasi;Tindakan untuk mengurangi emisi GRK dan untuk meningkatkan penyimpanan karbon dalam rangka mengatasi perubahan iklim. Dalam pengertian yang lain digambarkan sebagai sebuah upaya intervensi manusia untuk mengurangi sumber atau meningkatkan penyerapan (rosot) gas rumah kaca di atmosfir. Upaya untuk mengatasi penyebab pemanasan global dan perubahan iklim. Upaya untuk menghindari yang tidak dapat dikendalikan di masa depan.
Mitigative capacity;kapasitas mitigasi;Ini adalah kemampuan suatu negara untuk mengurangi emisi GRK antropogenik atau untuk meningkatkan penyerapan atau sink alamiah, di mana kemampuan mengacu pada keterampilan, kompetensi, kebugaran dan keahlian bahwa suatu negara dalam mencapai dan tergantung pada teknologi, lembaga, kekayaan, ekuitas, infrastruktur dan informasi. Kapasitas Mitigasi berakar pada rencana aksi pembangunan berkelanjutan suatu negara.
Mixed layer;Mixed layer;Daerah di atas laut dekat permukaan laut, dimana terjadi percampuran yang memadai dengan interaksi dengan atmosfir diatasnya.
Modes of climate variability;Modes of climate variability;"Merupakan sistem variabilitas iklim alamiah, khususnya pada skala musiman dan waktu yang lebih lama, terutama terjadi dengan pola spasial dan pola temporal tertentu, melalui karakteristik dinamik dari atmosfer sirkulasi dan melalui interaksi dengan tanah dan laut permukaan. Pola seperti ini sering disebut 106 rezim, mode atau telekoneksi. Contohnya adalah Osilasi Atlantik Utara (NAO), Pasifik-pola Amerika Utara (PNA), El NiñoSouthern Oscillation (ENSO), Mode annular Utara (NAM; sebelumnya disebut Arctic Oscillation, AO) dan annular Selatan Mode (SAM; sebelumnya disebut Osilasi Antartika, AAO). Lihat juga Pola variabilitas iklim."
Mole fraction;fraksi molaritas;Fraksi molaritas, atau rasio pencampuran, adalah rasio dari jumlah molaritas suatu senyawa dalam volume tertentu terhadap total jumlah molaritas dari semua senyawa dalam volume yang diukur. Hal ini biasanya dilaporkan untuk kondisi pada udara kering. Nilai khas untuk gas rumah kaca berumur panjang berada di urutan µmol mol-(bagian per juta: ppm), nmol mol-(bagian per miliar: ppb), dan fmol mol-(bagian per triliun: ppt). Fraksi molaritas berbeda dari rasio volume pencampuran, dan sering dinyatakan dalam ppmv dll, oleh koreksi untuk gas non-ideal. Koreksi ini adalah relatif nyata terhadap akurasi pengukuran untuk kebanyakan gas rumah kaca. (Schwartz dan Warneck, 1995).
Monitoring;Monitoring;Monitoring adalah usaha pengeluaran ukuran data kunci dan penentuan pemberian izin reduksi emisi gas rumah kaca.
Monsoon;muson;Dari asal katanya berarti musim dalam bahasa arab. Muson merupakan variasi hujan yaitu pembalikan musiman tropis dan subtropis baik dalam angin permukaan dan curah hujan yang terkait, yang disebabkan oleh perbedaan pemanasan antara daratan skala luas (benua) dan lautan yang berdekatan. Analogi pada skala lokal adalah angin darat dan angin laut yang terjadi siang dan malam. Musim hujan terjadi terutama atas tanah di musim panas.
Montreal Protocol;Montreal Protocol;Pada Montreal Protokol disepakati mengenai bahan yang merusak lapisan ozon dan telah diadopsi di Montreal pada tahun 1987, dan disesuaikan dan diubah di London (1990), Kopenhagen (1992), Wina (1995), Montreal (1997) dan Beijing (1999). Protokol tersebut mengontrol konsumsi dan produksi klorin dan bahan kimia yang mengandung bromine yang merusak ozon stratosfir, seperti chlorofluorocarbon, metil kloroform, karbon tetraklorida dan banyak lainnya.
Montane;Montane;Zona biogeografi terdiri dari kelembaban relatif, dataran tinggi yang dingin di lereng bawah zona sub-alpin yang ditandai dengan kehadiran daun campuran hijau di bawah dan jenis hutan konifera pada ketinggian yang lebih tinggi.
Morbidity;Morbidity;Tingkat terjadinya penyakit atau gangguan kesehatan lainnya dalam penduduk, dengan mempertimbangkan usia tertentu adalah dikenal sebagai tingkat morbiditas. Indikator morbiditas termasuk kejadian penyakit kronis / prevalensi, tingkat rawat inap, konsultasi perawatan primer, cacathari (yaitu hari ketidakhadiran kerja), dan prevalensi gejala.
Morphology;Morphology;Bentuk dan struktur organisme atau bentuk lahan, atau dari bagiannya
Microwave Sounding Unit;MSU;Sebuah satelit microwave yang membawa sounder untuk memperkirakan tebal lapisan suhu dari suasana atmosfer dengan mengukur emisi termal molekul oksigen memakai emisi pada spektrum frekuensi dekat GHz. Satelit seri A dari sembilan MSU mulai melakukan berbagai jenis pengukuran pada tahun 1978-an. Dimulai pada pertengahan 1998, serangkaian tindak lanjut dari instrumen, Advance Microwave Sounding Unit (AMSUs), mulai dioperasikan.
Mortality;Mortality;"Tingkat laju terjadinya kematian penduduk; perhitungan mortaliti memasukkan usia tertentu angka kematian, dan dengan demikian dapat menghasilkan ukuran harapan hidup dan tingkat kematian dini. 108"
Multi-attribute analysis;Multi-attribute analysis;Mengintegrasikan parameter keputusan yang berbeda dan nilainilai dalam kuantitatif analisis tanpa menempatkan nilai moneter untuk semua parameter. Multi-atribut dapat menggabungkan analisis kuantitatif dan kualitatif informasi.
Multi-gas;Multi-gas;Selanjutnya CO2 juga gas-gas rumah kaca lainnya (metana, dinitrogen oksida dan gas terfluorinasi) diperhitungkan di misalnya dalam target untuk mencapai pengurangan emisi (multipengurangan gas) atau stabilisasi konsentrasi (multi-gas stabilisasi).
Multilateral CDM;Multilateral CDM;Sebuah proyek CDM multilateral melibatkan negara investor, negara tuan rumah dan pihak ketiga sebagai penyandang dana. 109
National Action Plans;Rencana Aksi Nasional;Rencana nasional yang diajukan kepada COP oleh pihak negara dengan menguraikan langkah-langkah yang telah mereka adopsi untuk membatasi emisi GRK antropogenik mereka. Negara harus menyerahkan rencana ini sebagai syarat untuk berpartisipasi dalam UNFCCC dan, kemudian, harus berkomunikasi mengenai kemajuan rencana mereka secara teratur ke COP. Rencana Aksi Nasional merupakan bagian dari Komunikasi Nasional, yang meliputi ketersediaan kapasitas nasional dalam hal sumber dan penyerap GRK.
National Authority;Otoritas Nasional;Otoritas nasional adalah badan resmi yang mewakili Pemerintah dalam mengambil bagian dalam penyusunan CDM / proyek JI. Negara tuan rumah JI, otoritas nasional menyetujui proyek dan isu-isu pengurangan emisi.
National Focal Point;National Focal Point;The National Focal Point (NFP) di negara-negara yang telah menandatangani UNFCCC adalah titik kontak pertama dalam pemerintahan untuk komunikasi mengenai UNFCCC.
Nationally Appropriate Mitigation Action;NAMA;Merupakan aksi mitigasi yang layak secara nasional, adalah tindakan sukarela yang dilakukan oleh negara berkembang untuk mengurangi emisis karbonnya sejalan dengan konteks ekonomi, lingkungan, sosial dan politik negara tersebut.
Net anthropogenic greenhouse gas removals by sinks;Besaran bersih dari GRK yang diserap;Untuk proyek aforestasi dan reforestasi CDM (Clean Development Mechanism), antropogenik GRK netto yang diserap sama dengan kepindahan sebenarnya GRK bersih oleh rosot dikurangi dengan nilai baseline gas rumah kaca dikurangi oleh kebocoran rosot bersih. 111
Net biome production;NBP;Produksi biome bersih adalah produksi bersih ekosistem (NEP) dikurangi kerugian karbon akibat gangguan seperti kebakaran atau defoliasi serangga.
Net ecosystem production;NEP;Produksi ekosistem bersih yang merupakan selisih antara produksi primer bersih (PLTN) dan respirasi heterotrofik ekosistem (kebanyakan dekomposisi bahan organik mati) berlaku pada daerah yang sama (lihat juga produksi biome bersih NBP).
Net primary production;NPP;Produksi primer bersih adalah produksi kotor dikurangi respirasi autotrophic utama, yaitu jumlah dari proses metabolisme yang diperlukan untuk pertumbuhan tanaman dan pemeliharaan, pada wilayah area yang sama.
Nitrogen oxides;Nox;Setiap senyawa dari beberapa oksida nitrogen.
Nitrous oxide;N2O;Salah satu dari enam jenis gas rumah kaca akan diatur di bawah Protokol Kyoto.
No regrets policy;No regrets policy;Sebuah kebijakan yang akan menghasilkan manfaat sosial dan / atau ekonomi bersih terlepas dari apakah perubahan iklim antropogenik terjadi atau tidak.
No-Regrets Mitigation Options;No-Regrets Mitigation Options;Merupakan pilihan mitigasi yang memiliki manfaat sama atau lebih dari biaya yang dikeluakan.
Non-Annex I Countries/Parties;Non-Annex I Countries/Parties;Negara-negara yang telah meratifikasi atau mengaksesi UNFCCC tetapi tidak termasuk dalam Lampiran I Kyoto Protocol.
Non-Annex B Countries/Parties;Non-Annex B Countries/Parties;Negara-negara yang tidak termasuk dalam grup Annex B dari Protokol Kyoto. 112
Nonlinearity;Nonlinearity;Sebuah proses disebut nonlinier ketika tidak ada hubungan proporsional sederhana antara sebab dan akibat. Sistem iklim berisi banyak sekali proses nonlinier seperti iklim ekstrim, yang menghasilkan sistem dengan perilaku yang berpotensi sangat kompleks. Kompleksitas tersebut dapat mengakibatkan perubahan iklim yang mendadak.
Non-market impacts;Non-market impacts;Dampak yang mempengaruhi ekosistem atau kesejahteraan manusia, tetapi yang tidak mudah dinyatakan dalam istilah moneter, misalnya, peningkatan risiko kematian dini, atau peningkatan jumlah orang yang beresiko kelaparan.
North Atlantic Oscillation;NAO;Osilasi Atlantik Utara terdiri dari variasi tekanan udara yang berlawanan antara di dekat Islandia dan di dekat Azores. Fenomena ini sesuai dengan fluktuasi kekuatan angin barat dominan yang melintasi Atlantik menuju ke Eropa, dan dengan demikian fluktuasi siklon tertanam dengan inheren karena terkait sistem frontal.
Normative analysis;Normative analysis;Analisis ekonomi di mana penilaian mengenai keinginan berbagai kebijakan yang dibuat. Kesimpulan sisanya terdapat pada penilaian norma serta pada fakta dan teori.
Northern Annular Mode;NAM;Fluktuasi musim dingin di amplitudo dari pola ditandai dengan tekanan rendah permukaan di kawasan Kutub Utara dan aliran angin baratan yang kuat di lintang pertengahan. NAM memiliki hubungan dengan pusaran kutub utara ke lapisan stratosfir. Pola tersebut memiliki pengaruh ke Atlantik Utara dan memiliki korelasi yang nyata dengan Osilasi Atlantik Utara.
Normalised difference vegetation index;NDVI;Suatu ukuran berbasis teknologi satelit penginderaan jauh dari tingkat 'kehijauan' dari tutupan vegetasi muka bumi. 113
Ocean acidification;Ocean acidification;Penurunan pH air laut karena penyerapan karbon dioksida antropogenik.
Ocean heat uptake efficiency;Ocean heat uptake efficiency;Ini adalah ukuran (W m-2 °C-1) dari tingkat di mana penyimpanan panas dalam lautan global meningkat mengikuti naiknya suhu permukaan laut global. Parameter ini berguna untuk eksperimen pemodelan iklim di mana dorongan radiasi berubah monoton. Parameter ini juga dapat dibandingkan dengan sensitivitas parameter iklim untuk mengukur pengaruh relatif respon serapan iklim dan panas laut dalam menentukan laju perubahan iklim. Dalam hal ini dapat diperkirakan dari kenaikan 1% per tahun konsentrasi karbon dioksida di atmosfer dalam sebuah eksperimen pemodelan iklim sebagai rasio dari peran global ratarata radiasi netto yang diterima muka bumi terhadap response transient (jangka panjang) perubahan iklim.
Off-take contract;Off-take contract;Hal ini mengacu pada pengaturan dimana Pembeli setuju untuk membeli kredit karbon yang dihasilkan oleh semua kegiatan proyek, tanpa hukuman kepada Penjual untuk hasil yang lebih rendah dari CER yang telah diperkirakan. Pengaturan ini mengikat secara hukum dalam ERPA.
Oil sands and oil shale;Oil sands and oil shale;Lapisan geologi yang tidak dikonsolidasi serta berpori pasir, batu pasir batu dan serpih mengandung bahan bitumen yang dapat ditambang dan diubah menjadi cairan bahan bakar.
Ombrotrophic bog;Ombrotrophic bog;Sejenis asam gambut di lahan sawah tadah hujan (bukan air tanah) dan dengan demikian lahan tersebut khususnya miskin akan nutrisi. 115
Opportunities;Kesempatan;Keadaan untuk mengurangi kesenjangan antara setiap potensi teknologi atau praktek pasar dengan potensi ekonomi atau potensi teknis.
Opportunity costs;Biaya Kesempatan;Biaya kegiatan ekonomi dikorbankan melalui pilihan kegiatan lain.
Organic aerosol;Organic aerosol;Partikel aerosol yang terdiri terutama dari senyawa organik, terutama karbon, hidrogen, oksigen dan jumlah sedikit elemen lainnya. (Charlson dan Heintzenberg, 1995, hal. 405).
Overseas Development Aid;ODA;Hal ini mengacu pada bantuan keuangan yang dialokasikan dan disalurkan oleh negara-negara industri ke negara berkembang, untuk membantu dalam pengembangan infrastruktur politik, sosial dan ekonomi
Ozone;ozon;Ozon, adalah bentuk senyawa oksigen triatomic atau tiga atom (O3), dan merupakan salah satu gas penyusun atmosfer. Di troposfir, ozon terbuat baik secara alami dan oleh reaksi fotokimia yang melibatkan gas-gas yang dihasilkan dari kegiatan manusia (kabut asap). Ozon troposfir bertindak sebagai gas rumah kaca. Di stratosfir, ozon diciptakan oleh interaksi antara radiasi ultraviolet matahari dan molekul oksigen (O2). Ozon stratosfir memainkan peran yang dominan dalam keseimbangan radiasi stratosfir. Konsentrasi tertinggi di lapisan ozon yang berada di lapisan stratosfir.
Ozone layer;lapisan ozon;Stratosfir berisi lapisan di mana konsentrasi ozon terbesar berada, yang disebut lazimnya sebagai lapisan ozon. Lapisan tersebut memanjang dari sekitar 12 sampai 40 km di atas permukaan bumi. Konsentrasi ozon mencapai nilai maksimum pada ketinggian antara 20 dan 25 km. Ozon pada lapisan ini sedang mengalami penurunan oleh emisi manusia dari senyawa 116 klorin dan bromin. Setiap tahun, pada saat bumi belahan selatan sedang musim semi, penurunan lapisan ozon yang sangat kuat terjadi utamanya di wilayah Antartika, yang disebabkan oleh senyawa klorin dan bromin antropogenik dalam berbagai kombinasi dengan ditambah kondisi meteorologi khusus pada wilayah itu. Fenomena ini dikenal sebagai lubang ozon. 117 119
Pacific decadal variability;Variability 10 tahunanan Pasifik;Ditambah dengan variabilitas decadal-hingga ke-antar-decadal adalah sirkulasi atmosfer dan laut dalam yang mendasari cekungan samudera Pasifik. Fenomena ini paling menonjol terjadi di Pasifik Utara, dimana fluktuasi dalam kekuatan tekanan rendah musim dingin Aleutian sistem bervariasi berirama dengan suhu permukaan laut Pasifik Utara, dan terkait dengan variasi decadal dalam sirkulasi atmosfer, suhu permukaan laut dan sirkulasi laut ke seluruh samudera Pasifik. Fluktuasi tersebut memiliki efek modulasi siklus El Niño-Southern Oscillation. Kunci ukuran Pasifik decadal variabilitas adalah indeks Pasifik Utara (NPI), yang indeks decadal Pasifik Oscillation (PDO) dan indeks Inter-Pasifik decadal Oscillation (IPO), semua didefinisikan dalam suatu kotak atau wilayah Nino 3.4.
Pacific-North American (PNA) pattern;Pacific-North American (PNA) pattern;Sebuah pola sirkulasi atau pola gelombang atmosfer skala besar yang menampilkan urutan troposfir tinggi dan anomali tekanan rendah yang membentang dari daerah subtropis Pasifik barat hingga pantai timur Amerika Utara.
Palaeoclimate;iklim paleo;Iklim yang terjadi selama periode sebelum pemakaian alat ukur untuk pengamatan data meteorologi, termasuk waktu bersejarah dan geologi, rekonstruksi dilakukan untuk yang hanya tersedia proxy catatan iklim.
Paludification;Paludification;Proses transformasi lahan menjadi lahan basah seperti rawa, lahan pasang surut dll.
Parametrization;Parameterisasi;Dalam pemodelan iklim, istilah ini mengacu pada teknik mewakili proses yang tidak dapat secara eksplisit diselesaikan di resolusi spasial atau temporal dalam model (skala proses sub-grid). Penyelesaian dilakukan dengan hubungan antara aliran masa yang terjadi dalam skala model terhadap pengaruh rata-rata yang diterima oleh proses pada skala spasio temporal proses sub-grid.
Pareto criterion;Pareto criterion;Sebuah pengujian kriteria apakah kesejahteraan individu dapat meningkat tanpa membuat orang lain di masyarakat semakin terpuruk. Sebuah peningkatan Pareto terjadi ketika kesejahteraan individu ditingkatkan tanpa membuat kesejahteraan seluruh masyarakat menjadi lebih buruk. Sebuah Pareto optimal tercapai ketika kesejahteraan tidak ada yang dapat ditingkatkan tanpa membuat kesejahteraan seluruh masyarakat lebih buruk, mengingat distribusi tertentu dari pendapatan. Pendapatan distribusi yang berbeda menyebabkan Pareto optimal yang berbeda pula.
Passive solar design;Passive solar design;Desain struktural dan teknik konstruksi yang memungkinkan bangunan untuk memanfaatkan energi matahari untuk pemanasan, pendinginan, dan pencahayaan dengan cara non mekanis yang memadai.
Particulates;Particulates;Adalah buangan partikel padat sangat kecil yang dipancarkan selama pembakaran bahan bakar fosil dan biomassa. Partikel dapat terdiri dari sebaran berbagai jenis zat. Perhatian terbesar bagi kesehatan adalah partikulat kurang dari atau sama dengan 10 µm diameter, biasanya ditunjuk sebagai Pm10.
PDB;PDB;Produk Domestik Bruto adalah perangkat ukur pendapatan nasional dengan memasukkan nilai semua barang dan jasa yang diproduksi oleh suatu negara pada periode tertentu.
Peat;gambut;Gambut terbentuk dari serasah tanaman mati, lumut Sphagnum biasanya, yang hanya sebagian membusuk karena perendaman permanen dalam air dan adanya zat yang turut melestarikannya seperti asam humat. 120
Peatland;lahan gambut;Biasanya lahan basah seperti lumpur yang perlahan-lahan mengumpulkan gambut dalam ribuan tahun
Pelagic community;Pelagic community;Komunitas organisme yang hidup di perairan lepas di sungai, danau atau samudra (berbeda dengan komunitas bentik yang hidup di atau dekat bagian permukaan badan air).
Percentile;Percentile;Persentil adalah nilai pada skala seratus yang menunjukkan persentase nilai set data yang sama dengan atau dibawah populasi data di bawahnya. Persentil ini sering digunakan untuk memperkirakan distribusi dari ekstrem. Sebagai contoh, persentil (10) ke-90 dapat digunakan untuk mengacu pada nilai ambang (lebih rendah) untuk ekstrem atas.
Perfluorocarbons;PFCs;Satu diantara enam gas rumah kaca yang diharapkan akan berkurang di bawah Kyoto Protokol. Gass ini merupakan hasil dari peleburan aluminium dan pengayaan uranium. Mereka juga dipakai untuk mengganti chlorofluorocarbons di pabrik semikonduktor. Potensi Pemanasan Global dari PFC adalah 6500-9200.
Permafrost;Permafrost;Tanah (tanah atau batuan dan termasuk es dan organik material) yang memiliki suhu tetap pada atau di bawah 0° C selama sedikitnya dua berturut-turut tahun (Van Everdingen, 1998).
pH;pH;pH adalah ukuran tanpa dimensi yang menunjukkan derajat keasaman air (atau solusi larutan apa pun) yang diberikan oleh rasio konsentrasi hidrogen ion (H+). pH diukur pada skala logaritmik dimana pH = -log10(H+). Jadi, penurunan pH 1 unit sesuai peningkatan 10 kali lipat dalam konsentrasi H+, atau derajat keasaman.
Phase I;Phase I;Ketika digunakan dalam konteks Protokol Kyoto, Phase 1 121 mengacu pada periode waktu 2008-2012, yang merupakan periode komitment pertama. When used in the context of the Kyoto Protocol, Phase 1 refers to the time period 2008-2012, the first commitment period
Phenology;Phenology;Studi tentang fenomena alam yang muncul kembali secara periodik (misalnya, pengembangan bertahap, migrasi) dan hubungannya dengan perubahan iklim dan musiman.
Photosynthesis;Photosynthesis;Proses di mana tanaman mengambil karbon dioksida dari udara (atau bikarbonat dalam air) untuk membangun karbohidrat, melepaskan oksigen dalam proses. Ada beberapa jalur dari proses fotosintesis dengan respons berbeda terhadap konsentrasi karbon dioksida di atmosfer.
Photochemical smog;Photochemical smog;Sebuah campuran polutan udara dengan fotokimia oksidan yang dihasilkan oleh reaksi dari sinar matahari dengan polutan udara primer, terutama hidrokarbon.
Plankton;Plankton;Mikroorganisme yang hidup di lapisan atas sistem air di muka bumi. Sebuah perbedaan dibuat antara fitoplankton, yang tergantung pada fotosintesis untuk pasokan energi mereka, dan zooplankton, yang memakan fitoplankton.
Physical potential;Potensi Fisik;Potensi fisik adalah teoritis (termodinamika) dan kadang-kadang, dalam prakteknya, batas atas yang tidak pasti untuk mitigasi.
Physiographic;Physiographic;Tentu, berhubungan dengan, atau menggunakan deskripsi alam atau fenomena alam.
Phytoplankton;Phytoplankton;Tanaman ini membentuk plankton. Fitoplankton adalah tanaman dominan di laut, dan merupakan dasar dari jaringan atau rantai 122 makanan di seluruh laut. Organisme ini bersel tunggal dan adalah agen utama dari proses fotosintesis serta fiksasi karbon di laut.
Plant functional type;PFT;Sebuah kelas vegetasi ideal yang biasanya digunakan dalam model vegetasi global yang dinamis (DGVM).
Pleistocene;Pleistocene;Semakin awal dari dua zaman Kuarter, membentang dari akhir Pliosen, sekitar 1,8 juta tahun, sampai awal Holosen sekitar 11,6 ribu tahun.
Policies;kebijakan;Dalam bahasa UNFCCC, kebijakan yang diambil dan / atau dimandatkan oleh pemerintah - sering dalam hubungannya dengan bisnis dan industri dalam negara itu sendiri, atau dengan negara lain - untuk mempercepat tindakan mitigasi dan adaptasi. Contoh kebijakan adalah pajak karbon atau energi lainnya, standar efisiensi bahan bakar untuk mobil, dll. Kebijakan bersifat umum dan terkoordinasi atau harmonis merujuk kepada orangdiadopsi bersama oleh berbagai pihak. Lihat juga tindakan.
Pollen analysis;analisa serbuk sari;Teknik penentuan umur relatif dan rekonstruksi lingkungan, yang terdiri dari identifikasi dan menghitung jenis serbuk sari yang terawetkan dalam gambut, sedimen danau, es dan jenis deposit lainnya.
Polynya;Polynya;Area air laut yang secara seyogyanya permanen beku yang dihasilkan dari arus air lokal yang lebih hangat di laut yang tertutup lautan es. Mereka adalah hotspot biologis, karena mereka melayani sebagai lubang bernapas atau tempat perlindungan untuk mamalia laut seperti paus dan anjing laut, dan burung pemangsa ikan.
Population system;Population system;Sebuah sistem ekologi (tidak ekosistem) ditentukan oleh dinamika dari spesies yang berpindah atau nomaden tertentu 123 yang biasanya melintasi beberapa dan bahkan seluruh ekologi komunitas dan bioma. Contoh adalah burung migran musiman yang menghuni hutan serta sebagai padang rumput dan lahan basah kunjungan pada rute migrasi mereka.
Portfolio analysis;Portfolio analysis;Penawaran dengan portofolio aset atau kebijakan yang ditandai dengan risiko yang berbeda dan membayar offset nya. Fungsi obyektif dibangun sekitar variabilitas pengembalian dan risiko mereka, aturan menjelang keputusan untuk memilih portofolio dengan pengembalian yang diharapkan tertinggi.
Post-consumer waste;Post-consumer waste;Limbah dari kegiatan konsumsi, misalnya bahan kemasan, kertas, kaca, sisa dari buah-buahan dan sayuran, dll
Post-glacial rebound;Post-glacial rebound;Gerakan vertikal dari muka tanah dan laut setelah menerima pengurangan beban dari massa es, misalnya, sejak Maksimum Es Terakhir (21 ka). Rebound adalah gerakan tanah isostatic.
Potential;potensi;Dalam konteks perubahan iklim, potensi adalah jumlah batas mitigasi atau adaptasi yang bisa diharapkan - tapi belum terjadi - karena unsur waktu. Sebagai tingkat potensial diidentifikasi: pasar, ekonomi, teknis dan fisik.
Potential impacts;Potential impacts;Dampak potensial: semua dampak yang mungkin terjadi jika diberi atau diproyeksikan perubahan iklim, tanpa mempertimbangkan adaptasi.
Potential production;Potential production;Perkiraan produktivitas tanaman di bawah yang tidak membatasi nutrisi, tanah dan kondisi air.
Precautionary Principle;Precautionary Principle;Suatu ketentuan dalam Pasal UNFCCC, yang menyatakan bahwa semua pihak harus mengambil tindakan pencegahan 124 untuk mengantisipasi, mencegah atau meminimalkan penyebab perubahan iklim dan mengurangi efek negatifnya. Dimana ada ancaman kerusakan serius atau tidak dapat diperbaiki, kurangnya kepastian ilmiah tidak boleh digunakan sebagai alasan untuk menunda tindakan tersebut, dengan mempertimbangkan bahwa kebijakan dan langkah-langkah untuk menghadapi perubahan iklim harus menjadi efektif biaya dalam memesan untuk memastikan keuntungan global dengan biaya serendah mungkin.
Precipitable water;Precipitable water;Jumlah uap air di atmosfer dalam kolom vertikal unit luas penampang. Hal ini umumnya dinyatakan dalam ketinggian air dalam mm jika benar-benar cair (bukan fase gas) dan dikumpulkan dalam wadah penampang unit yang sama.
Precursors;Precursors;Atmosfer senyawa yang tidak gas rumah kaca atau aerosol, tapi itu memiliki efek pada gas rumah kaca atau konsentrasi aerosol dengan mengambil bagian dalam proses fisik atau kimia yang mengatur produksi atau tingkat kerusakan.
Predictability;Predictability;Sejauh mana kondisi masa depan sistem dapat diprediksi berdasarkan pengetahuan tentang kondisi saat ini dan sebelumnya dari sistem. Karena pengetahuan tentang kondisi sistem iklim masa lalu dan saat ini umumnya tidak sempurna, seperti juga model yang memanfaatkan pengetahuan ini untuk menghasilkan prediksi iklim, dan karena sistem iklim secara inheren nonlinier dan kacau, prediktabilitas dari sistem iklim secara inheren bersifat terbatas.
Pre-industrial;era Pra industri;Era sebelum revolusi industri di akhir abad 18 dan 19, setelah penggunaan bahan bakar fosil untuk mekanisasi dan industri mulai meningkat.
Present value;Present value;Nilai sejumlah uang yang berbeda pada saat jumlahnya tersedia 125 pada saat-saat yang berbeda dalam waktu (tahun). Untuk membuat jumlah yang berbeda di kali harga sebandingnya dan peningkatannya, dimana tanggal acuan adalah tetap sebagai 'sekarang'. Jumlah yang tersedia di tanggal yang berbeda di masa depan didiskontokan kembali kepada nilai yang sekarang, dan dijumlahkan untuk mendapatkan nilai tunai dari serangkaian arus kas masa depan. Nilai bersih sekarang adalah perbedaan antara nilai sekarang dari pendapatan (keuntungan) dengan nilai biaya masa sekarang.
Price elasticity of demand;Price elasticity of demand;Rasio persentase perubahan kuantitas permintaan untuk barang atau jasa untuk satu persentase perubahan harga barang atau layanan tersebut. Ketika nilai absolut elastisitas adalah antara 0 dan 1, permintaan disebut inelastis, ketika itu lebih besar dari satu, permintaan disebut elastis.
Primary market' and 'secondary market' trading;Primary market' and 'secondary market' trading;Komoditas dan pertukaran keuangan, pembeli dan penjual yang perdagangan langsung dengan satu sama lain merupakan 'pasar primer', saat membeli dan menjual melalui fasilitas pertukaran mewakili 'Pasar sekunder'.
Primary production;Primary production;Semua bentuk produksi yang dicapai oleh tanaman, juga disebut primer produsen. Lihat GPP, PLTN, NEP dan NBP. Bahkan dengan model dan pengamatan yang semi akurat, masih mungkin ada batas-batas prediktabilitas seperti sistem nonlinier (AMS, 2000)
Probability Density Function;PDF;Fungsi kepadatan probabilitas adalah fungsi yang menunjukkan kemungkinan relatif terjadinya hasil yang berbeda dari variabel. Fungsi ini mengintegrasikan ke kesatuan atas domain yang didefinisikan dan memiliki properti yang integral lebih sub-domain sama dengan kemungkinan bahwa hasil dari variabel yang terletak di dalam sub-domain. Sebagai contoh, probabilitas bahwa anomali suhu didefinisikan dengan cara tertentu lebih besar dari nol diperoleh dari PDF dengan PDF mengintegrasikan 126 atas semua anomali suhu mungkin lebih besar dari nol. Fungsi kepadatan probabilitas yang menggambarkan dua atau lebih variabel secara bersamaan sama-sama ditetapkan.
Production frontier;Production frontier;Maksimum output yang dicapai dengan penggunaan optimal yang tersedia input (sumber daya alam, tenaga kerja, modal, informasi)
Project Design Document;PDD;Ini adalah format dokumen standar yang dirancang oleh Badan Eksekutif CDM. Hal ini digunakan untuk menggambarkan kegiatan proyek dan menggabungkan beberapa bagian, termasuk perhitungan pengurangan emisi, dampak lingkungan, dan komentar pemangku kepentingan.
Projection;Proyeksi;Proyeksi adalah potensi evolusi masa depan dari sebuah kuantitas atau kumpulan kuantitas, sering dihitung dengan bantuan model. Proyeksi dibedakan dari prediksi dalam rangka untuk menekankan bahwa proyeksi melibatkan asumsi tentang, misalnya, masa depan sosial ekonomi dan perkembangan teknologi yang mungkin atau mungkin tidak direalisasikan, dan karena itu tunduk pada ketidakpastian yang cukup besar.
Protokol Kyoto;Protokol Kyoto;Kesepakatan internasional agar negara-negara industri dapat mengurangi emisi GRK secara kolektif sebesar 5.2 persen selama periode 2008-2012 berdasarkan tingkat emisi tahun 1990.
Proxy;Proxy;Sebuah indikator iklim proxy adalah rekaman lokal yang ditafsirkan, dengan menggunakan prinsip fisik dan biofisik, untuk mewakili beberapa kombinasi dari variasi iklim yang berhubungan ke masa lalu. Data iklim yang berhubungan berasal dengan cara ini disebut sebagai proxy data. Contoh proxy meliputi analisis serbuk sari, catatan cincin pohon, karakteristik karang dan berbagai data yang berasal dari inti es. 127
Pteropods;Pteropods;Plankton, siput laut kecil dengan organ renang menyerupai sayap.
Public sector leadership programmes in energy efficiency;Public sector leadership programmes in energy efficiency;Pembelian pemerintah dan pengadaan produk dan jasa hemat energi. Instansi pemerintah bertanggung jawab untuk berbagai konsumsi energi dari fasilitas dan layanan seperti gedung perkantoran pemerintah, sekolah, dan fasilitas perawatan kesehatan. Pemerintah seringkali menjadi konsumen energi terbesar dan pembeli energi yang menggunakan peralatan terbesar. Dampak atau manfaat tidak langsung terjadi ketika pemerintah bertindak secara efektif sebagai pemimpin pasar. Pertama, pemerintah dapat membuat daya beli atau memperluas permintaan produk hemat energi dan jasa. Kedua pemerintah, terlihat tindakan hemat energi dapat menjadi contoh bagi orang lain.
Purchasing Power Parity;PPP;Daya beli suatu mata uang dinyatakan menggunakan sekumpulan barang dan jasa yang bisa dibeli dengan jumlah yang diberikan dalam negara asal. Perbandingan internasional, misalnya, Domestik Bruto Produk negara dapat didasarkan pada daya beli mata uang bukan pada nilai tukar saat ini. Perkiraan PPP cenderung untuk menurunkan PDB per kapita di negara industri dan meningkatkan per kapita PDB di negara berkembang. (dalam perubahan iklim PPP juga merupakan singkatan dari Polluter Pay Principle atau prinsip-pencemar-pembayar).
Pure rate of time preference;Pure rate of time preference;Tingkat dimana konsumsi sekarang lebih disukai untuk konsumsi satu tahun kemudian, dengan harga dan pendapatan tetap konstan, yang merupakan salah satu komponen dari tingkat diskonto. 128
Quaternary;Quaternary;Periode waktu geologi mengikuti Tersier (65 sampai 1,8 juta tahun). Setelah definisi saat ini Zaman Kuarter memanjang dari 1,8 juta tahun sampai saat ini. Hal ini dibentuk dari dua zaman yaitu Pleistosen dan Holosen. 129
Radiative forcing;Radiative forcing;Dorongan radiasi adalah perubahan netto, ke bawah dikurangi ke atas atmosfer, irradiasi (dalam W m-2) di tropopause yang disebabkan oleh perubahan pendorong eksternal dari perubahan iklim, seperti, misalnya, perubahan konsentrasi karbon dioksida atau output dari Matahari. Dorongan radiasi dihitung dengan semua unsur troposfir pada kondisi tetap saat suhu atmosfer di modelkan terganggu kondisi perubahan iklim, dan setelah memungkinkan untuk suhu stratosfir, setelah terganggu, troposfir dihitung saat menyesuaikan kembali untuk dicari radiasi-dinamis keseimbangannya. Dorongan radiasi disebut seketika jika tidak ada perubahan suhu stratosfir adalah diperhitungkan. Untuk tujuan penulisan buku ini, dorongan radiasi adalah didefinisikan lebih lanjut sebagai perubahan relatif terhadap tahun 1750 dan, kecuali bagian atas atmosfer dinyatakan secara lain, mengacu pada nilai rata-rata global dan tahunan. Isitlah dorongan radiasi tidak sama atau dikacaukan dengan istilah dorongan radiasi awan, terminologi yang serupa untuk menggambarkan ukuran yang tidak terkait dari dampak dari awan pada radiasi di atmosfir
Radiative forcing scenario;Radiative forcing scenario;Sebuah representasi masuk akal dari arah pembangunan masa depan yang mendorong besaran radiasi di atmosfer, misalnya, dengan perubahan komposisi atmosfer atau perubahan penggunaan lahan, pola transportasi atau dengan faktor-faktor eksternal seperti variasi aktivitas matahari. Hal tersebut yg kemudian menjadikan skenario emisi mendatang yang dapat digunakan sebagai masukan ke dalam model iklim sederhana untuk menghitung proyeksi iklim.
Rangeland;Rangeland;padang rumput yang tidak dikelola, shrublands, sabana dan tundra.
Reanalysis;Reanalysis;Reanalyses adalah analisa dari kondisi atmosfer dan lautan untuk 131 parameter suhu, angin, arus dan unsur meteorologi dan oseanografi lainnya, dihasilkan dari pemprosesan data meteorologi dan oseanografi lampau memakai model forecast terkini dan teknik asimilasi terkini. Dengan memakai teknik asimilasi yang tertentu dapat menghindari pengaruh dari pergantian sistim analisa yang terjadi dalam operasionalisasi analisa. Meskipun kontinuitas hasil meningkat, hasil reanalisa global masih terkendala dengan perubahan tutupan dan kesalahan dalam sistim observasi atau pengamatan.
Rebound effect;Efek Balik;Setelah implementasi praktek rekayasa teknologi dan teknologi efisien, bagian dari sisa energi yang diambil kembali untuk konsumsi yang lebih intensif atau lainnya, misalnya, perbaikan dalam efisiensi mesin kendaraan dengan menurunkan biaya per kilometer serta mendorong perjalanan mobil lebih jauh atau menjadikan kendaraan lebih kuat.
Recalcitrant;Recalcitrant;Bahan organik bandel atau stok karbon yang handal melawan dekomposisi.
Reconstruction;Rekonstruksi;Penggunaan indikator iklim untuk membantu menentukan (biasanya terakhir) iklim
REDD Plus;REDD Plus;Kerangka kerja REDD yang lebih luas dengan memasukkan konservasi hutan, pengolahan hutan lestari atau peningkatan cadangan karbon agar partisipasi untuk menerapkan REED semakin luas serta untuk memberikan penghargaan kepada negara-negara yang sudah melindungi hutannya.
Reducing Emission from Deforestation and Forest Degradation;REDD;Sebuah mekanisme untuk mengurangi emisi GRK dangan cara memberikan kompensasi kepada pihak-pihak yang melakukan pencegahan deforestasi dan degradasi hutan. 132
Reforestation;reforestasi;Penanaman hutan pada lahan yang sebelumnya memiliki atau terdapat hutan tetapi yang telah dikonversi ke beberapa jenis tata guna lainnya. Untuk diskusi tentang hutan panjang dan hal terkait seperti aforestasi, reforestasi dan deforestasi, lihat Laporan IPCC tentang Penggunaan Tanah, Land-Use Change and Forestry (IPCC, 2000). lihat juga Laporan pada definisi dan Pilihan metodologis untuk Persediaan Emisi dari Direct Manusia akibat Degradasi Hutan dan Devegetation Jenis-jenis vegetasi lain (IPCC, 2003)
Regime;Rezim;Rezim adalah kondisi yang lebih disukai dari sebuah sistem iklim, sering mewakili satu fase dari pola dominan atau mode variabilitas iklim.
Region;Wilayah;Wilayah adalah daerah yang ditandai dengan fitur geografis dan iklim yang spesifik. Iklim suatu daerah dipengaruhi oleh faktor pendorong skala regional dan lokal seperti topografi, tanah dengan menggunakan karakteristik, danau, dll, serta pengaruh yang datang dari jauh atau dari daerah lain.
Registration;Registrasi;"Kegiatan proyek yang disampaikan kepada Dewan Eksekutif CDM untuk didaftarkan setelah validasi berhasil. Pendaftaran disertai dengan biaya untuk biaya administrasi ke EB CDM; biaya ini tergantung pada skala proyek."
Reid's paradox;Reid's paradox;Hal ini mengacu pada kontradiksi antara kesimpulan dari tingkat tinggi tanaman migrasi seperti yang disarankan dalam catatan Paleo-(terutama setelah zaman es terakhir), dan tingkat potensi migrasi rendah yang dapat disimpulkan dengan mempelajari penyebaran benih tanaman yang terlibat, misalnya, dalam percobaan terowongan angin.
Reinsurance;Reinsurance;"Pengalihan sebagian dari resiko asuransi tingkat perusahaan asuransi primer ke tingkat perusahaan asuransi sekunder (reasuransi); dasar patokan kebijakan adalah 'asuransi untuk asuransi'."
Relative sea level;Relative sea level;Permukaan laut diukur dengan tide gauge terhadap posisi daratan dimana hal itu berada. Berarti permukaan laut biasanya didefinisikan sebagai permukaan laut rata-rata relatif selama periode, seperti bulan atau satu tahun, cukup lama untuk keluar rata-rata transien jangka panjang seperti gelombang dan pasang surut
Reservoir;Reservoir;Sebuah komponen dari sistem iklim, selain atmosfer, yang memiliki kapasitas untuk menyimpan, mengumpulkan atau melepaskan zat yang menjadi fokus perhatian, misalnya, karbon, gas rumah kaca atau prekursor lainnya. Lautan, tanah dan hutan adalah contoh lain dari reservoir karbon. Renang adalah istilah kesetaraan (perhatikan bahwa definisi dari reservoir sering kali mengenai atmosfer). Jumlah absolut dari substansi yang menjadi fokus perhatian dalam sebuah reservoir pada waktu spesifik adalah disebut dengan stok atau cadangan.
Residual impacts;Dampak residual;Sisa dampak: dampak perubahan iklim yang akan terjadi setelah adaptasi. Lihat juga dampak agregat, pasar dampak, dan dampak non-pasar.
Resilience;daya tahan;Kemampuan suatu sistem sosial atau ekologi untuk menyerap gangguan sementara dengan tetap mempertahankan struktur dasar yang sama dan cara fungsi, kapasitas untuk diri organisasi, dan kapasitas untuk beradaptasi terhadap stres dan perubahan.
Respiration;respirasi;Proses dimana organisme hidup mengkonversi bahan organik menjadi energi karbon dioksida, kemudian melepaskan dan mengkonsumsi molekul oksigen.
Response time;waktu respons;Waktu respon atau waktu penyesuaian adalah waktu yang 134 diperlukan oleh sebuah sistem iklim atau komponennya untuk kembali menyeimbangkan untuk kondisi yang baru, setelah mendapatkan faktor pendorong dari luar dan proses internal atau masukan lainnya. Hal ini sangat berbeda dari satu komponen sistem iklim ke sistim lainnya. Waktu respon dari troposfir adalah relatif singkat, dari hari ke minggu, sedangkan stratosfir mencapai kesetimbangan pada skala waktu biasanya beberapa bulan. Karena untuk kapasitas panas yang besar, lautan memiliki respon lebih lama waktu: biasanya dekade, tetapi sampai abad atau ribuan tahun. Waktu respon gabungan sistim permukaan dengan troposfir sangat lambat dibandingkan waktu response gabungan stratosfir dan troposfir karena terpengaruh waktu respons lautan. Biosfer dapat merespon dengan cepat (mis., kekeringan), tetapi juga sangat lambat terhadap perubahan yang dipaksakan. Waktu hidup untuk definisi yang berbeda dari waktu respons sangat dipengaruhi oleh laju proses dalam merespons perubahan konsentrasi gas rumah kaca.
Return period;perioda ulang;Rata-rata waktu antara kejadian dari suatu peristiwa yang didefinisikan (AMS, 2000)
Return value;Nilai Kembali;Nilai tertinggi (atau sebagai alternatif, atau terendah) dari kemungkinan terjadinya fenomena, rata-rata kejadian sekali dalam jangka waktu tertentu (misalnya, dalam 10 tahun)
Riparian;Riparian;Berkaitan dengan daerah atau tempat tinggal atau terletak di tepi sebuah anak sungai alami (seperti sungai) atau kadang-kadang sebuah danau atau sebuah daerah pasang surut.
River discharge;debit;Aliran air dalam saluran sungai, misalnya dinyatakan dalam m3/s. Sebuah sinonim untuk debit sungai.
Runoff;Runoff;Bagian dari air hujan yang tidak menguap dan tidak terjadi peresapan. 135 137
Salinisation;Salinisation;Akumulasi garam dalam tanah.
Salt-water intrusion / encroachment;intrusi air asin;Pergantian air segar permukaan atau air tanah dengan muka air garam karena kepadatan yang lebih besar. Ini biasanya terjadi di wilayah pesisir dan muara karena pengaruh darat berkurang (misalnya, baik dari limpasan berkurang dan yang terkait air tanah resapan, atau dari penarikan air yang berlebihan dari akuifer) atau pengaruh laut meningkat (misalnya, paras muka laut relatif naik).
Savanna;Savanna;Padang rumput tropis dan sub-tropis atau hutan bioma dengan sebaran semak, pohon individu atau pohon kanopi yang sangat terbuka, semua ditandai dengan iklim kering (kering, semi kering atau semi-lembab)
Scenario;Skenario;Sebuah deskripsi sederhana yang masuk akal dan mungkin bagaimana masa mendatang akan berkembang, berdasarkan koherensi dan konsistensi internal yang ada dan sekumpulan asumsi tentang faktor pendorong dan hubungan kunci yang ada. Skenario mungkin diangkat dari proyeksi, tetapi sering didasarkan pada tambahan informasi dari sumber lain, kadangkadang dikombinasikan dengan alur cerita yang naratif.
Sea ice;bongkahan es laut;Setiap bentuk es yang ditemukan di laut yang berasal dari pembekuan air laut. Es laut mungkin merupakan potongan terputus yang bergerak di permukaan laut akibat pengaruh angin dan arus laut, atau bongkahan tidak bergerak yang melekat pada daratan. Laut es kurang dari satu tahun disebut first year ice. Es multi-tahun adalah es laut yang telah bertahan setidaknya satu musim panas tanpa mencair seluruhnya.
Sea-ice biome;Sea-ice biome;Bioma yang terbentuk oleh semua organisme laut yang tinggal di dalam atau di es yang mengambang di laut (air laut beku) dari lautan kutub.
Sea level change;Perubahan permukaan laut;Permukaan laut bisa berubah, baik secara global dan lokal, karena (i) perubahan bentuk cekungan laut, (ii) perubahan dalam massa total air dan (iii) perubahan kerapatan atau densitas air. Tingkat perubahan laut yang disebabkan oleh perubahan densitas air disebut sterik. Kepadatan perubahan yang disebabkan oleh perubahan suhu hanya disebut thermosteric, sementara kepadatan perubahan yang disebabkan oleh perubahan salinitas adalah disebut halosteric.
Sea level equivalent;SLE;Perubahan permukaan laut global rata-rata yang akan terjadi jika jumlah yang diberikan setara air atau es yang ditambahkan ke atau dihapus dari lautan.
Sea-level rise;peningkatan paras muka laut;Peningkatan paras rata-rata muka laut. Kenaikan eustatic permukaan laut adalah perubahan permukaan laut global ratarata disebabkan oleh meningkatkan volume lautan dunia. Kenaikan relatif permukaan laut terjadi di mana ada peningkatan lokal di tingkat laut relatif terhadap tanah, yang mungkin disebabkan karena kenaikan laut dan / atau tingkat penurunan tanah. Dalam studi dimana tanah tingkat cepat mengangkat, maka permukaan laut relatif dapat jatuh.
Sequestration;Sequestration;Penyimpanan karbon di waduk darat dan perairan. Proses penyerapan biologis yang mencakup penghapusan langsung CO2 dari atmosfer melalui perubahan penggunaan lahan, penghijauan, reboisasi, penyimpanan karbon di tempat pembuangan sampah dan praktek yang meningkatkan karbon tanah dalam pertanian dan upaya penyimpanan karbon di perut bumi. 138
Sea surface temperature;SST;Suhu permukaan laut adalah suhu bawah permukaan dari masa air di paras puncak dari laut, diukur oleh kapal-kapal, pelampung dan buoy Drifters. Dari kapal, pengukuran sampel air di ember kebanyakan diaktifkan pada tahun 1940 dengan sampel dari air asupan mesin kapal. Satelit pengukuran suhu kulit (lapisan paling atas dari muka laut, sebuah sebagian kecil dari milimeter tebal) di inframerah atau sentimeter atas atau lebih dalam microwave juga digunakan, tetapi harus disesuaikan agar kompatibel dengan suhu masa muka air laut.
Sea wall;dinding laut;Sebuah dinding buatan manusia atau tanggul di sepanjang pantai untuk mencegah gelombang erosi dan rob.
Sensible heat flux;flux panas terasa;Aliran panas dari permukaan bumi ke udara yang tidak terkait dengan perubahan fase air, merupakan sebuah komponen dari neraca energi di permukaan.
Sensitivity;sensitivitas;Sensitivitas adalah derajat dimana suatu sistem dipengaruhi, baik buruk atau menguntungkan, oleh variabilitas iklim atau perubahan. Efeknya mungkin langsung (misalnya, perubahan dalam hasil panen sebagai tanggapan atas berubah dalam jangkauan, rata-rata atau suhu) atau tidak langsung (misalnya, kerusakan yang disebabkan oleh peningkatan frekuensi karena kenaikan permukaan laut pada pesisir banjir).
Semi-arid regions;Wilayah semi Arid;Daerah dengan curah hujan cukup rendah, yang sangat tidak produktif dan biasanya diklasifikasikan sebagai rangelands. 'Cukup 'rendah diterima secara luas sebagai daerah yang menerima curah hujan antara 100 dan 250 mm curah hujan per tahun. Lihat juga daerah gersang.
Shadow pricing;Harga Bayangan;Menetapkan harga barang dan jasa yang tidak sebenarnya, atau tidak lengkap, harga ditentukan oleh kekuatan pasar atau oleh 139 peraturan administratif, di ketinggian nilai sosial marjinalnya. Teknik ini digunakan dalam biaya-manfaat analisis.
Share of Proceeds;Share of Proceeds;Sebuah Bagian Penerimaan (SOP) akan dipotong dari pendapatan CER oleh Badan Eksekutif CDM. SOP ini akan digunakan untuk menutupi biaya administrasi yang dikeluarkan oleh EB, dan untuk mendanai langkah-langkah adaptasi di negara-negara yang rentan.
Significant wave height;potensi gelombang tinggi;Ketinggian rata-rata tertinggi yaitu sepertiga dari tinggi gelombang (laut dan alun) yang terjadi di tertentu periode waktu.
Silviculture;Silviculture;Sebuah budidaya, pengembangan dan perawatan hutan.
Sink;Sink;Proses apapun, aktivitas atau mekanisme yang dapat mengurangi kadar atau menghilangkan gas rumah kaca, aerosol atau pendahulu dari gas rumah kaca atau aerosol dari atmosfer
Slab-ocean model;Slab-ocean model;Sebuah presentasi sederhana dalam model iklim laut sebagai lapisan air bergerak dengan kedalaman 50 sampai 100 m. Iklim model dengan laut slab hanya dapat digunakan untuk memperkirakan respon keseimbangan iklim untuk kajian forcing atau dorongan model, bukan untuk evolusi transien iklim jangka panjang. Lihat Equilibrium dan percobaan iklim sementara.
Small Island Developing States;Small Island Developing States;ini mengacu pada daerah Pasifik, Carribia, Atlantik, samudera Indonesia, Mediterania dan negara kepulauan di Afrika, terkait dengan Small Island Developing States network (SIDSnet).
Snow line;garis Salju;Batas bawah penutup salju abadi, di bawah ini yang salju tidak menumpuk 140
Snow water equivalent;Volume kesetaraan salju dan air;Volume setara atau massa air yang akan dihasilkan jika tubuh tertentu salju atau es meleleh.
Snowpack;Snowpack;Sebuah akumulasi musiman pencairan salju yang lambat.
Social cost of carbon;Social cost of carbon;Nilai dari dampak perubahan iklim dari 1 ton karbon yang di emisikan hari ini sebagai CO2, dikumpulkan dari waktu ke waktu dan diakumulasikan hingga sekarang, kadang-kadang juga dinyatakan sebagai nilai per ton Co2.
Socio-economic scenarios;Skenario Sosial-ekonomi;Skenario tentang kondisi masa depan dalam hal populasi, Produk Domestik Bruto dan sosial ekonomi faktor yang relevan untuk memahami implikasi dari perubahan iklim.
Social unit costs of mitigation;Unit Biaya Sosial dari Mitigasi;Harga karbon dalam US $ / tCO2 dan US $ / tC-eq (yang dipengaruhi oleh kebijakan mitigasi dan menggunakan tingkat diskonto sosial) yang diperlukan untuk mencapai tingkat tertentu dari mitigasi (potensi ekonomi) dalam bentuk pengurangan di bawah dasar untuk emisi GRK. Pengurangan tersebut biasanya dikaitkan dengan target kebijakan, seperti batas atas dalam skema perdagangan emisi atau tingkat tertentu stabilisasi Gas rumah kaca konsentrasi di atmosfer.
Soil moisture;kandungan air tanah;Air yang disimpan dalam atau di permukaan tanah dan tersedia untuk penguapan.
Solar activity;Aktifitas Matahari;Matahari menunjukkan periode aktivitas tinggi diamati pada jumlah bintik matahari, serta output radiasi, aktivitas magnetik dan emisi partikel berenergi tinggi. Variasi ini terjadi pada berbagai skala waktu dari jutaan tahun hingga menit.
Solar ('11 year') cycle;Siklus matahari;Sebuah modulasi kuasi-reguler aktivitas bintik matahari dengan 141 berbagai amplitudo dan periode antara 9 dan 13 tahun (rerata 11 tahun).
Solar radiation;radiasi matahari;Radiasi elektromagnetik yang dipancarkan oleh Matahari. Hal ini juga disebut sebagai radiasi gelombang pendek. Radiasi matahari memiliki kisaran (spektrum) panjang gelombang khas yang ditentukan oleh suhu permukaan Matahari, memuncak pada panjang gelombang terlihat pada kisaran warna kuning.
Soot;Soot;Partikel yang terbentuk selama pendinginan mendadak gas di lapisan luar nyala uap organik, yang terdiri terutama dari karbon, dengan jumlah yang lebih kecil dari oksigen dan hidrogen hadir sebagai karboksil dan kelompok fenolik dan menunjukkan sebuah struktur graphitic yang tidak sempurna.
Source;sumber emisi;Proses apapun, aktivitas atau mekanisme yang melepaskan gas rumah kaca, aerosol atau pendahulu dari gas rumah kaca atau aerosol ke atmosfer
Southern Annular Mode;SAM;Padanan dari fluktuasi iklim dari pola seperti Modus tahunan (annular) Utara, tapi terjadi di belahan bumi selatan.
Spatial and temporal scales;skala ruang dan waktu;Iklim dapat bervariasi pada berbagai macam dari skala ruang (spasial) dan waktu (temporal). Skala spasial dapat berkisar dari lokal (kurang dari 100.000 km2), melalui daerah (100.000 sampai 10 juta km2) ke benua (10-100000000 km2). Skala waktu mungkin berkisar dari musiman untuk geologi (sampai ratusan juta tahun).
Specific energy use;spesifik energy yang digunakan;Energi yang digunakan dalam produksi dari bahan unit, produk atau layanan.
Spill-over effect;Spill-over effect;Efek dari mitigasi dalam negeri atau sektor lain mengukur pada 142 negara atau sektor. Spill-over efek dapat positif atau negatif dan termasuk efek pada perdagangan, kebocoran karbon, transfer inovasi, dan difusi teknologi ramah lingkungan dan isu lainnya.
SRES;SRES;Skenario proyeksi perubahan iklim mendatang berhubungan dengan populasi, GDP dan emisi skenario berdasarkan kepada laporan the Special Report on Emissions Scenarios (SRES) (Naki?enovi? et al., 2000), dan perubahan iklim dan kenaikan paras muka laut yang dihasilkannya. Empat keluarga skenario sosio eonomis (A1, A2, B1 and B2) mewakili kondisi dunia yang berbeda dalam dua dimensi yang terpisah dengan fokus pada ekonomi terhadap lingkungan dan pola pembangunan global terhadap pola regional.
SRES scenarios;SRES scenarios;Skenario SRES adalah skenario emisi yang dikembangkan oleh Naki?enovi? dan Swart (2000) dan digunakan, antara lain, sebagai dasar untuk beberapa proyeksi iklim ditunjukkan terutama pada laporan IPCC ke 4. Istilah-istilah berikut adalah relevan untuk pemahaman yang lebih baik struktur dan penggunaan himpunan skenario SRES: Keluarga skenario yang memiliki demografi yang sama, sosial, ekonomi dan teknis perubahan alur cerita. empat skenario keluarga terdiri dari set SRES skenario: A1, A2, B1 dan B2. Ilustrasi Skenario Skenario yang ilustratif untuk masing-masing enam kelompok skenario termaktub dalam Ringkasan untuk Pembuat Kebijakan dari laporan IPCC ke 4 dari Naki?enovi? dan Swart (2000). Mereka termasuk empat revisi skenario utama untuk kelompok skenario A1B, A2, B1, B2, dan dua skenario tambahan untuk A1FI dan kelompok A1T. Semua kelompok skenario sama-sama berfungsi dengan baik. Marker Skenario Skenario yang awalnya diumumkan di rancangan formulir di website SRES untuk mewakili skenario yang diberikan keluarga. Mereka termasuk dalam bentuk direvisi pada Naki?enovi? dan Swart (2000). Skenario ini menerima pengawasan terdekat dari tim penulisan seluruh dan melalui SRES membuka proses. Skenario juga dipilih untuk menggambarkan dua skenario kelompok lainnya. Penjelasan alur cerita narasi skenario (atau keluarga skenario), 143 menyoroti karakteristik skenario utama, hubungan antara kekuatan pendorong kunci dan dinamika evolusi mereka.
Stabilization;Stabilisasi;Menjaga konstan konsentrasi atmosfer dari satu atau lebih Gas rumah kaca (misalnya, CO2) atau setara dengan gas rumah kaca CO2. Stabilisasi analisis atau skenario bertujuan mengatasi stabilisasi konsentrasi dari gas rumah kaca di atmosfer.
Stakeholder;Stakeholder;Seseorang atau sebuah organisasi yang memiliki kepentingan legitimat pada sebuah proyek atau kegiatan atau akan dipengaruhi oleh sebuah aktivitas atau kebijakan
Standards;standar;Seperangkat aturan atau kode mandat atau definisi kinerja produk (misalnya, nilai, dimensi, karakteristik, metode pengujian, dan aturan untuk digunakan). Produk, teknologi, atau standar kinerja membangun persyaratan minimum untuk produk yang terkena dampak atau teknologi. Standar memberlakukan pengurangan emisi gas rumah kaca yang terkait dengan pembuatan atau penggunaan produk dan / atau penerapan teknologi yang tepat guna.
Storyline;Jalan cerita;Penjelasan narasi skenario (atau keluarga skenario) yang menyoroti penggunaan utama skenario, karakteristik, hubungan antara kunci pengendali, dan dinamika dari skenario.
Streamflow;debit;Aliran air dalam saluran sungai, misalnya, dinyatakan dalam m3/s. Sebuah sinonim umum untuk debit sungai
Storm surge;Storm surge;Kenaikan sementara, di sebuah wilayah tertentu, untuk ketinggian muka laut karena kondisi meteorologi ekstrim (tekanan atmosfer rendah dan / atau angin kencang). Gelombang badai didefinisikan sebagai kelebihan di atas tingkat yang normal diharapkan dari pasang surut variasi harian pada waktu dan tempat lokal. 144
Storm tracks;Storm tracks;Awalnya, istilah ini merujuk kepada jalur atau trek individu dari sebuah sistem cuaca siklon tropis, tapi sekarang sering di generalisasi untuk merujuk pada daerah dimana jalur atau trek utama gangguan extratropical yang terjadi dari jalur sistem tekanan rendah (siklon) ke sistim tekanan tinggi (anticyclonic).
Stratosphere;Stratosphere;Wilayah yang sangat berlapis di atmosfer atas troposfir yang membentang dari sekitar 10 km (antara 9 km pada lintang tinggi sampai 16 km di daerah tropis rata-rata) untuk sekitar ketinggian 50 km maksimum.
Structural change;Perubahan struktur;Perubahan struktur, misalnya, dalam pangsa relatif Domestik Bruto Produk yang dihasilkan oleh, sektor industri pertanian, atau jasa suatu ekonomi, atau lebih umum, sistem transformasi dimana beberapa komponen yang diganti atau berpotensi baik apabila diganti dengan yang lainnya.
Sub-alpine;Sub-alpine;Zona biogeografi di bawah garis pohon dan terletak di atas pegunungan yang zonanya ditandai oleh adanya jenis hutan dan pohon konifera.
Subsidy;subsidi;Praktek pembayaran langsung dari pemerintah atau pengurangan pajak ke pihak swasta untuk menerapkan praktek bantuan pemerintah dalam mendorong mitigasi perubahan iklim. Pengurangan emisi gas rumah kaca dirangsang dengan memberikan subsidi yang dapat memiliki efek meningkatkan emisi (seperti subsidi untuk penggunaan bahan bakar fosil) atau dengan memberikan subsidi untuk praktek yang mengurangi emisi atau meningkatkan penyerapan GRK (misalnya untuk insulasi bangunan atau untuk menanam pohon).
Subduction;subduksi;Proses di samudera lepas di mana air permukaan masuk interior laut dari lapisan permukaan campuran melalui proses pompa Ekman dan adveksi lateral. Proses yang kedua terjadi ketika air permukaan mengalir ke wilayah di mana lapisan permukaannya kurang padat dan karena itu harus masuk ke bawah lapisan permukaan, biasanya proses ini terjadi dengan tidak ada perubahan kepadatan air laut.
Succulent;Succulent;Tanaman sukulen, misalnya, cactuses, organ yang memiliki penyimpan air, sehingga memfasilitasi kelangsungan hidup selama kondisi kekeringan.
Sulphur hexafluoride;Sf6;Salah satu dari enam gas rumah kaca yang ditetapkan di bawah Kyoto Protokol. Gas ini sebagian besar digunakan dalam industri berat untuk mengisolasi tegangan tinggi peralatan dan untuk membantu dalam pembuatan sistem kabel-pendinginan dan semikonduktor. Nilai potensi Pemanasan Global SF6 adalah 23.900.
Summer Days;Hari musim panas;Jumlah hari dengan suhu maksimum lebih dari 25oC dalam setahun.
Sunspots;bintik matahari;Bintik atau daerah gelap kecil di permukaan Matahari. Jumlah bintik matahari adalah lebih tinggi selama periode aktivitas matahari tinggi, dan bervariasi khususnya dengan siklus matahari.
Supplementarity;Supplementarity;Protokol Kyoto menyatakan bahwa perdagangan emisi dan pelaksanaan kegiatan bersama harus menjadi tambahan untuk kebijakan domestik (misalnya pajak energi, standar efisiensi bahan bakar) yang diambil oleh negara-negara maju untuk mengurangi emisi GRK mereka. Dalam beberapa diskusi diusulkan definisi supplementarity (misalnya, tingkat penggunaan beton pada langit-langit), negara maju bisa dibatasi dalam penggunaan Mekanisme Kyoto untuk mencapai target pengurangan mereka. Ini adalah subjek untuk negosiasi lebih lanjut dan klarifikasi oleh para pihak. 146
Surface runoff;Surface runoff;"Air yang bergerak di atas permukaan tanah ke aliran permukaan terdekat; merupakan limpasan dari aliran sungai yang belum terserap masuk ke di bawah permukaan tanah dan berasal dari air hujan."
Sustainable Development;SD Pembangunan berkelanjutan;Konsep pembangunan berkelanjutan diperkenalkan di World Conservation Strategy (IUCN 1980) dan memiliki akarnya dalam konsep masyarakat yang berkelanjutan dan dalam manajemen sumber daya terbarukan. Diadopsi oleh WCED pada tahun 1987 dan oleh Konferensi Rio pada tahun 1992 sebagai proses perubahan yang eksploitasi sumber daya, arah investasi, orientasi perkembangan teknologi dan perubahan kelembagaan semua rukun dan meningkatkan baik potensial saat ini dan masa depan untuk memenuhi kebutuhan manusia dan aspirasi. Pembangunan berkelanjutan mengintegrasikan dimensi politik, sosial, ekonomi dan lingkungan
Sustainable development;Pembangunan berkelanjutan;Pembangunan berkelanjutan yang memenuhi kebutuhan budaya, sosial, politik dan ekonomi generasi sekarang tanpa mengorbankan kemampuan generasi mendatang untuk memenuhi kebutuhan mereka 147
Taiga;Taiga;Sabuk utara hutan boreal berdekatan dengan the Arctic tundra di kutub utara
Targets and timetables;Target;Suatu sasaran penurunan persentase tertentu dari emisi gas rumah kaca dari tanggal awal (misalnya, di bawah tingkat 1990) yang harus dicapai oleh tanggal atau jadwal tertentu (misalnya, 2008-2012). Di bawah Protokol Kyoto yang Uni Eropa setuju untuk mengurangi emisi gas rumah kaca sebesar 8% di bawah tingkat 1990 dengan periode komitmen 2008-2012. Target dan jadwal emisi juga mengacu pada jumlah total emisi GRK yang dapat dipancarkan oleh suatu negara atau wilayah dalam jangka waktu tertentu.
Tax;pajak;Pajak karbon adalah retribusi atas kandungan karbon dari bahan bakar fosil. Karena hampir semua karbon dalam bahan bakar fosil pada akhirnya dipancarkan sebagai CO2, pajak karbon setara dengan pajak emisi pada setiap unit setara emisi CO2. Pajak energi - retribusi atas energi isi bahan bakar - mengurangi permintaan energi dan mengurangi CO2 emisi dari penggunaan bahan bakar fosil. Eco-pajak dirancang untuk mempengaruhi perilaku manusia (perilaku khusus ekonomi) untuk mengikuti jalan ekologis terkontrol. Sebuah pajak karbon internasional / emisi / energi adalah pajak yang dikenakan pada sumber daya yang ditentukan dalam negara peserta oleh otoritas internasional. Pendapatan yang didistribusikan atau digunakan sebagaimana ditentukan oleh otoritas atau oleh negara peserta tersebut. Harmonisasi pajak dilakukan oleh negara peserta untuk menarik pajak pada tingkat yang umum pada sumber yang sama, karena memaksakan tingkat yang berbeda di seluruh negara maka akan menyebabkan efektif biaya tidak sama. Sebuah kredit pajak adalah pengurangan pajak dalam rangka untuk merangsang pembelian atau investasi dalam suatu produk tertentu, seperti 149 teknologi mengurangi emisi Gas rumah kaca. Sedangkan biaya karbon adalah sama sebagai pajak karbon.
Technical Potential;Technical Potential;potensi Teknis adalah jumlah yang sangat mungkin untuk mengurangi emisi GRK atau meningkatkan efisiensi energi dengan menerapkan teknologi atau praktek yang sudah ditunjukkan. Tidak ada referensi yang jelas untuk biaya dibuat tetapi mengadopsi 'kendala praktis' dapat mempertimbangkan implisit ekonomi pertimbangan.
Technological Additionality;Technological Additionality;Teknologi yang digunakan dalam proyek harus merupakan teknologi yang terbaik untuk negara tersebut.
Technological change;perubahan teknologi;Sebagian besar merupakan perbaikan teknologi, yaitu, lebih atau barang lebih baik dan layanan dapat disediakan dari jumlah yang diberikan sumber daya (faktor produksi). Model ekonomi membedakan otonom (eksogen), dan endogen diinduksi teknologi berubah.
Technology;Technology;Aplikasi praktis dari pengetahuan untuk mencapai tugas-tugas tertentu yang mempekerjakan kedua artefak teknis (perangkat keras, peralatan) dan (sosial) informasi ('software', know-how untuk produksi dan menggunakan artefak).
Technology transfer;transfer teknologi;Pertukaran pengetahuan, perangkat keras dan perangkat lunak terkait, uang dan barang antara para pemangku kepentingan, yang menyebabkan penyebaran teknologi untuk adaptasi atau mitigasi Istilah meliputi kedua difusi teknologi dan kerja sama teknologi di seluruh dan dalam negara.
Teleconnection;telekoneksi;Sambungan antara variasi iklim lebih luas dipisahkan oleh bagian dunia yang berbeda. Dari segi fisik, telekoneksi sering merupakan konsekuensi dari skala besar gelombang gerakan atmosfer, 150 dimana energi yang ditransfer dari daerah sumber bersama pilihan jalan di atmosfer.
Thermal expansion;ekspansi panas;Sehubungan dengan permukaan laut, ekspansi ini mengacu pada peningkatan volume (dan penurunan densitas) yang dihasilkan dari proses pemanasan air laut. Pemanasan di laut menyebabkan peningkatan volume masa air lautan dan juga peningkatan paras muka air laut.
Thermal infrared radiation;radiasi panas infra merah;Radiasi yang dipancarkan oleh permukaan bumi, atmosfer dan awan. Ia juga dikenal sebagai terestrial atau radiasi gelombang panjang, dan harus dibedakan dari radiasi inframerah dekat yang merupakan bagian dari spektrum matahari. Radiasi inframerah, secara umum, memiliki jangkauan (spektrum) panjang gelombang yang khas dari panjang gelombang warna merah di bagian spektrum cahaya tampak. Spektrum radiasi inframerah termal praktis berbeda dari gelombang pendek radiasi matahari karena disebabkan oleh perbedaan suhu permukaan Matahari (6000 K) dan Bumi (K).
Thermocline;Thermocline;Lapisan gradien suhu maksimum vertikal di laut, terletak di antara permukaan laut dan samudera abyssal. Di daerah subtropis, perairan sumbernya biasanya air permukaan di lintang tinggi yang telah subduksi dan pindah equatorward. Di lintang tinggi, kadang-kadang tidak ada kondisi tersebut, diganti dengan Halocline, yang merupakan lapisan gradien salinitas maksimum vertikal.
Thermohaline circulation;THC;Skala besar sirkulasi di laut yang mengubah low-density perairan laut atas untuk perairan higher density menengah dan mendalam dan mengembalikan mereka kembali ke perairan laut bagian atas. Sirkulasi yang terjadi adalah asimetris, dengan konversi ke perairan padat di wilayah terbatas di lintang tinggi dan kembali ke permukaan yang melibatkan upwelling lambat dan proses difusif lebih wilayah geografis jauh lebih besar. THC ini didorong oleh 151 kepadatan tinggi pada atau dekat permukaan, yang disebabkan oleh suhu dingin dan / atau salinitas tinggi, tetapi juga dapat didorong oleh kekuatan mekanis seperti angin dan pasang surut. Sering, istilah THC juga digunakan secara sinonim dengan sirkulasi jungkir balik meridional di dalam laut.
Thermokarst;Thermokarst;Proses di mana karakteristik Lahan yang bentuknya akibat dari mencairnya es kaya permafrost atau mencairnya es tanah besar (Van Everdingen, 1998).
Threshold;ambang batas;Tingkat besarnya proses sistem di mana tiba-tiba atau perubahan yang cepat terjadi. Sebuah titik atau tingkat di mana sifat atau kondisi baru muncul dalam suatu sistem ekologi, ekonomi atau lainnya, membatalkan prediksi didasarkan pada hubungan matematis yang berlaku di lebih rendah tingkat.
Tide gauge;Tide gauge;Perangkat di lokasi pesisir (dan beberapa laut lokasi) yang terus menerus mengukur paras muka laut dihubungkan dengan lahan daratan yang berdekatan. Waktu rata-rata dari tinggi permukaan laut sehingga tercatat memberikan perubahan sekuler diamati dari tinggi permukaan laut relatif.
Tolerable windows approach;TWA;Pendekatan ini berusaha untuk mengidentifikasi himpunan semua perlindungan iklim strategis yang bersamaan kompatibel dengan 1) ditentukan jangka panjang iklim perlindungan tujuan, dan pembatasan normatif 2) pada beban mitigasi emisi. Kendala dapat mencakup batas pada besar dan tingkat perubahan suhu global rata-rata, pada melemahnya sirkulasi termohalin lautan, kerugian ekosistem dan kerugian kesejahteraan ekonomi akibat iklim dipilih kerusakan biaya adaptasi, dan upaya mitigasi. Untuk satu set kendala, dan diberikan solusi ada, TWA membagi berdasarkan emisi koridor sesuai jalur emisi yang dipilih.
Top-down models;Top-down models;Merupakan model yang menerapkan teori ekonomi makro, 152 ekonometrik dan optimasi teknik untuk variabel ekonomi agregat. Menggunakan data historis pada konsumsi, harga, pendapatan, dan biaya faktor, top-down model menilai permintaan akhir barang dan jasa, dan pasokan dari sektor-sektor utama, seperti sektor energi, transportasi, pertanian, dan industri. Beberapa topdown model menggabungkan teknologi data, mempersempit kesenjangan untuk bottom-up model
Total solar irradiance;TSI;Jumlah radiasi matahari yang diterima di luar atmosfer bumi pada permukaan yang tegak lurus terhadap sudut datang radiasi, dan pada jarak rata-rata antara Bumi dari Matahari. Pengukuran handal radiasi matahari hanya dapat dilakukan dari ruang angkasa dan catatan yang akurat mundur kembali hingga hanya untuk 1978. Nilai yang berlaku umum adalah 1.W m-2 dengan akurasi sekitar 0,2%. Variasi dari beberapa persepuluh persen yang umum, biasanya berhubungan dengan berlalunya bintik matahari di seluruh permukaan matahari. Variasi siklus matahari dari TSI adalah sekitar 0,1% (AMS, 2000).
Trace gas;gas penjejak;Sebuah konstituen minor dari atmosfer, di samping nitrogen dan oksigen yang bersama-sama membentuk 99% dari volume semua udara. Gas penjejak paling penting yang memberikan kontribusi pengaruh dari efek rumah kaca adalah karbon dioksida, ozon, metana, nitrous oxide, perfluorokarbon, chlorofluorocarbon, hidrofluorokarbon, sulfur heksafluorida dan uap air.
Track 1;Track 1;ERU dari proyek JI dapat dihasilkan melalui Track 1 yang disederhanakan, di mana negara tuan rumah mampu memverifikasi ERU dan menangani masalah yang berkaitan dengan ERU secara tepat. Track 1 mewajibkan negara tuan rumah untuk memiliki proses yang jelas di tempat untuk menyetujui proyek-proyek JI, pemantauan kinerja proyek dan memverifikasi ERU yang dihasilkan, dibandingkan dengan baseline. Negara tuan rumah juga harus memiliki sistem nasional untuk melacak persediaan gas rumah kaca mereka dan Assigned Amount Units (AAU) 153
Track 2;Track 2;ERU dari proyek JI dapat dihasilkan melalui Track 2 jika negara tuan rumah merupakan bagian pada Protokol Kyoto tetapi hanya memenuhi persyaratan memiliki registri nasional dan AAU. ERU kemudian hanya dapat diverifikasi dengan menggunakan prosedur yang ditetapkan oleh prosedur JISC, yang dikenal sebagai Track 2
Transpiration;transpirasi;Penguapan uap air dari permukaan daun melalui stomata.
Tree line;garis batas pohon;Batas atas pertumbuhan pohon di pegunungan atau lintang tinggi. Batas tersebut lebih tinggi atau lebih tinggi nilai lintangnya daripada batas garis hutan.
Tree rings;lingkar pohon;Konsentris cincin dari kayu sekunder yang jelas tampak dalam potongan melintang batang dari tanaman berkayu. Perbedaan antara kayu, padat kecil bersel pada akhir satu musim dan kayu lebar bersel pada awal musim berikutnya memungkinkan usia pohon dapat diperkirakan, selain itu cincin lebar atau kepadatannya dapat dikaitkan dengan parameter iklim seperti suhu dan curah hujan.
Trend;Tren;Dalam hal ini, tren kata menunjuk perubahan, umumnya monoton dalam waktu, dalam nilai variabel.
Trophic level;Trophic level;Posisi yang ditempati suatu organisme dalam rantai makanan
Trophic relationship;Trophic relationship;Hubungan ekologi yang terjadi ketika satu spesies memberi asupan kepada atau memakan yang lain.
Tropical Nights;Tropical Nights;Jumlah hari dalam setahun yang memiliki suhu minimum > 20 ° C. 154
Tropopause;Tropopause;Batas antara troposfir dan stratosfir.
Troposphere;troposfir;Bagian terendah dari atmosfer, dari permukaan sampai sekitar 10 km di ketinggian di pertengahan garis lintang (antara 9 km di lintang tinggi sampai 16 km di daerah tropis rata-rata), di mana awan dan fenomena cuaca terjadi. Di troposfir, suhu umumnya menurun dengan ketinggian. 155
Uncertainty;ketidak pastian;"Sebuah ekspresi dari sejauh mana nilai (misalnya, negara masa depan sistem iklim) tidak diketahui. Ketidakpastian didapat dari hasil kurangnya informasi atau dari perbedaan pendapat tentang apa yang dikenal atau bahkan diketahui. Ini mungkin memiliki berbagai jenis sumber, dari kesalahan dalam data kuantitatif dengan konsep ketidak pastian atau proyeksi terminologi, atau tidak pasti dari perilaku manusia. Ketidakpastian itu dapat diwakili oleh ukuran kuantitatif, misalnya, rentang nilai dihitung dengan berbagai proyeksi model, atau dengan pernyataan kualitatif, misalnya, mencerminkan penilaian dari tim ahli (lihat Moss dan Schneider, 2000;. Manning et al, 2004)."
Undernutrition;asupan nutrisi rendah;Keadaan sementara atau kronis akibat asupan rendah dari yang direkomendasikan asupan energi makanan sehari-hari dan / atau kebutuhan protein yang ideal, baik melalui asupan makanan yang tidak cukup, faktor penyerapan yang buruk, dan / atau konsumsi nutrisi yang miskin secara biologis.
Ungulate;Ungulate;Golongan hewan, biasanya herbivora, berkaki empat mamalia (termasuk ruminansia, babi, unta, kuda nil, kuda, badak dan gajah).
United Nations Framework Convention on Climate Change;UNFCCC;Konvensi Kerangka Kerja PBB tentang Perubahan Iklim. Konsep UNFCCC dikembangkan pada World Climate Conference 2 pada tahun 1990 yang dibidani oleh World Meteorological Organization and UN Environment Program. Konvensi ini diadopsi pada tanggal Mei 1992 di New York dan ditandatangani pada KTT Bumi 1992 di Rio de Janeiro oleh lebih dari 150 negara dan Komunitas Eropa. Tujuan utamanya adalah 'stabilisasi konsentrasi gas rumah kaca di atmosfer pada tingkat yang akan 157 mencegah gangguan antropogenik yang berbahaya dengan sistem iklim. Ini berisi komitmen untuk semua Pihak. Di bawah Konvensi, para Pihak yang termasuk dalam Annex I (semua negara OECD dan negara dengan ekonomi dalam transisi) bertujuan untuk mengembalikan emisi gas rumah kaca yang tidak diatur oleh Protokol Montreal untuk tingkat 1990 pada tahun 2000. Mengadakan konvensi yang berlaku di bulan Maret 1994.
Uptake;Uptake;Penambahan zat yang menjadi perhatian reservoir. Penyerapan zat mengandung karbon, karbon dioksida tertentu, sering disebut (karbon) penyerapan.
Urban heat island;UHI;Besaran kehangatan relatif dari sebuah kota dibandingkan dengan daerah pedesaan sekitarnya, terkait dengan perubahan debit, efek hutan beton pada retensi panas, perubahan Albedo permukaan, perubahan polusi dan aerosol, dan sebagainya.
Upwelling region;Daerah upwelling;Suatu wilayah di laut di mana suhu permukaannya dingin, biasanya diakibatkan arus yang kaya nutrisi dari bagian bawah permukaan laut mengalir ke permukaan.
Urbanisation;urbanisasi;Konversi lahan dari keadaan alami atau dikelola alami oleh negara (seperti pertanian) untuk menjadi perkotaan. Sebuah proses yang dikendalikan oleh kegiatan migrasi perkotaan melalui persentase peningkatan penduduk di setiap negara atau wilayah datang untuk tinggal di permukiman yang didefinisikan sebagai 'pusat kota'. 158 159
Vagile;Vagile;Dapat bermigrasi
Value added;nilai tambah;Output bersih sektor atau kegiatan setelah menambahkan semua output dan mengurangkan biaya antara.
Values;nilai;Harga, keinginan atau utilitas berdasarkan preferensi individu. Disiplin ilmu sosial paling sering menggunakan beberapa definisi nilai. Terkait dengan alam dan lingkungan, ada perbedaan antara nilai intrinsik dan instrumental, dimana yang terakhir diberikan oleh manusia. Dalam nilai-nilai instrumental, ada katalog yang belum diselesaikan yang berbeda nilai, misalnya (langsung dan tidak langsung) digunakan, pilihan, konservasi, keberuntungan, warisan, keberadaan, dll Ekonomi mainstream menentukan nilai total sumber daya apapun sebagai jumlah nilai dari individuindividu yang terlibat dalam penggunaan sumber daya. Nilai ekonomi, yang merupakan dasar dari estimasi biaya, diukur dalam hal kemauan untuk membayar oleh individu untuk mendapatkan sumber daya atau dengan kemauan individu untuk menerima pembayaran untuk diambil sumber dayanya.
Vascular plants;Vascular plants;Tanaman tinggi dengan pembuluh darah, yaitu, jaringan getahtransportasi enzim.
Vector;Vector;Organisme penghisap darah, seperti serangga, yang mengirimkan patogen dari satu host ke yang lain. Lihat juga vektor penyakit.
Vector-borne diseases;vektor penyakit;Penyakit yang ditularkan antara host oleh organisme vektor (seperti nyamuk atau kutu), misalnya, malaria, demam berdarah dan leishmaniasis.
Vernalisation;vernalisasi;Para ahli biologi menetapkan persyaratan masa pertumbuhan tanaman tertentu, seperti sereal musim dingin, yang perlu periode suhu dingin yang ekstrim sebelum munculnya dan / atau selama tahap pertumbuhan awal, untuk bunga dan menghasilkan biji. Dengan kata lain, tindakan atau proses mempercepat pembungaan dan pembuahan tanaman dengan memperlakukan benih, umbi atau bibit dengan suhu dingin, sehingga dapat mendorong memperpendek masa pertumbuhan.
Ventilation;ventilasi;Pertukaran sifat laut dengan lapisan permukaan atmosfer di atasnya sehingga konsentrasi properti dibawah muka laut lebih dekat dengan nilai-nilai kesetimbangan dengan atmosfer (AMS, 2000).
Voluntary action;aksi sukarela;Program informal, self-komitmen dan deklarasi, di mana para pihak (perusahaan atau kelompok perusahaan) masuk ke tindakan menetapkan target mereka sendiri dan sering melakukan pemantauan sendiri dan pelaporan
Voluntary agreement;perjanjian tidak mengikat/sukarela;"Sebuah perjanjian antara kewenangan pemerintah dan satu atau lebih pihak swasta untuk mencapai tujuan lingkungan atau untuk meningkatkan kinerja lingkungan melebihi kepatuhan terhadap diatur kewajiban. Tidak semua kesepakatan sukarela benarbenar sukarela; beberapa termasuk imbalan dan / atau denda yang berhubungan dengan bergabung atau mencapai komitmen"
Vulnerability;kerentanan;Kerentanan adalah sejauh mana sebuah sistem rentan terhadap, dan tidak mampu mengatasi, efek buruk dari perubahan iklim, termasuk variabilitas iklim dan kondisi ekstrem. Kerentanan adalah suatu gabungan fungsi karakter, besaran, dan laju dari tiga faktor yaitu paparan perubahan iklim dan variasi pada suatu sistem terbuka, sensitivitas, dan adaptif kapasitas. 160
Walker Circulation;sirkulasi Walker;Proses sirkulasi termal atmosfer yang didorong oleh pemutar balikan sirkulasi pada arah barat timuran (zonal) di atmosfer di atas Samudera Pasifik tropis, dengan udara yang naik di udara barat samudera Pasifik dan tenggelam di samudera Pasifik timur.
Warm Night;Warm Night;Persentase hari yang memiliki suhu minimum lebih besar dari persentil ke 90 nya
Warm Days;Warm Days;Persentase hari yang memiliki suhu maximum lebih besar dari persentil ke 90 nya
Warm Spell Duration Indicator;Warm Spell Duration Indicator;Jumlah hari yang minimum 6 hari secara berturut-turut memiliki suhu maksimum lebih dari persentil ke 90 nya.
Water consumption;konsumsi air;Jumlah air yang diambil yang tidak dapat dikonservasi atau hilang selama penggunaannya (dibandingkan dengan jumlah penguapan dan produksi barang hasil). Konsumsi air sama terhadap air yang diambil dikurangi volume air yang dikonservasi.
Water productivity;produktivitas air;Rasio hasil tanaman diproduksi per air limbah yang dihasilkan dari unit diterapkan. Dalam kasus irigasi, dapat dilihat pada efisiensi irigasi atau penggunaan air. Dalam kasus tanaman tadah hujan, produktivitas air biasanya 1 t/100 mm air hujan.
Water mass;masa air;Sebuah volume air laut dengan sifat yang dapat diidentifikasi (melalui suhu, salinitas, densitas, zat kimia pelacak) yang dihasilkan dari proses pembentukan yang unik. Massa air yang sering diidentifikasi melalui properti ekstrem secara vertikal atau horizontal seperti perubahan salinitas. 161
Water stress;Stress/tekanan air;Sebuah negara yang mendapat tekanan volume air jika kondisi pasokan air tawar yang tersedia relatif lebih sedikit terhadap pengambilan atau pemakaian air bertindak sebagai tantangan penting dalam pembangunan. Penarikan melebihi 20% air terbarukan dari jumlah pasokan telah digunakan sebagai indikator stres air. Tanaman adalah air menekankan jika tanah-air tersedia, dan dengan demikian evapotranspirasi aktual, kurang dari kebutuhan evapotranspirasi potensial.
Water-use efficiency;efisiensi penggunaan air;Merupakan besaran keuntungan karbon dalam proses fotosintesis per satuan air hilang dalam evapotranspirasi. Secara jangka pendek dapat dinyatakan sebagai rasio keuntungan karbon fotosintesis per satuan kehilangan air transpirational, atau secara musiman sebagai rasio dari produksi primer bersih atau hasil pertanian dengan jumlah air yang tersedia.
Welfare;kemakmuran;Sebuah istilah ekonomi digunakan untuk menggambarkan keadaan kesejahteraan manusia secara individual atau kolektif. Konstituen kesejahteraan umum dianggap termasuk bahan untuk memenuhi kebutuhan dasar, kebebasan dan pilihan, kesehatan, hubungan sosial yang baik, dan keamanan.
Wetland;lahan basah;Suatu daerah transisi teratur yang terendam air dari serasah pohon yang kemudian dikeringkan menjadi tanah, sering bercampur antara air dan ekosistem darat, dimana air berasal air hujan, air permukaan atau air tanah. Wetlands ditandai oleh dominasi vegetasi yang telah beradaptasi untuk kehidupan di jenuh kondisi tanah. Nama lain adalah rawa, lahan basah dan lahan gambut. 162
Yedoma;Yedoma;Bahan organik kuno terperangkap di lapisan es yang hampir membusuk.
Younger Dryas;Younger Dryas;Sebuah periode iklim masa lampau sekitar 12,9-11,6 ribu tahun, selama masa pembekuan es kembali (deglaciation), ditandai dengan kembali sementara untuk kondisi dingin di banyak lokasi, terutama di sekitar Atlantik Utara. 163
Zoonoses;Zoonoses;Penyakit dan infeksi yang secara alami ditularkan antara hewan vertebrata kepada manusia.
Zooplankton;Zooplankton;Binatang mikro yang membentuk plankton. Mereka mengkonsumsi fitoplankton atau zooplankton lainnya Patensi Gas Rumah Kaca § diturunkan dari model siklus karbon Bernl. 167 * GWP untuk methane meliputi efek tidak langsung dari produksi uap air tropospheric ozone dan stratospheric Sumber: Climate Change 1995, The Science of Climate Change: Summary for Policymakers and Technical Summary of the Working Group I Report, page 22. 168
